"日期","收盘","开盘","高","低","交易量","涨跌幅"
"2009年12月31日","3,277.14","3,265.00","3,282.21","3,250.03","11.65B","0.45%"
"2009年12月30日","3,262.60","3,211.83","3,267.00","3,206.22","12.95B","1.58%"
"2009年12月29日","3,211.76","3,190.17","3,212.52","3,166.76","10.26B","0.72%"
"2009年12月28日","3,188.78","3,148.86","3,202.09","3,148.86","9.12B","1.51%"
"2009年12月25日","3,141.35","3,149.23","3,154.77","3,128.15","8.45B","-0.38%"
"2009年12月24日","3,153.41","3,080.87","3,156.53","3,075.11","10.24B","2.59%"
"2009年12月23日","3,073.78","3,048.20","3,078.84","3,041.35","8.01B","0.76%"
"2009年12月22日","3,050.52","3,126.61","3,129.31","3,039.86","8.51B","-2.32%"
"2009年12月21日","3,122.97","3,108.07","3,123.99","3,088.00","7.46B","0.29%"
"2009年12月18日","3,113.89","3,154.82","3,169.58","3,108.03","10.19B","-2.05%"
"2009年12月17日","3,179.08","3,261.61","3,272.97","3,176.63","10.56B","-2.34%"
"2009年12月16日","3,255.21","3,262.86","3,299.33","3,246.61","10.39B","-0.59%"
"2009年12月15日","3,274.46","3,283.60","3,303.18","3,267.93","10.15B","-0.86%"
"2009年12月14日","3,302.90","3,246.95","3,315.03","3,178.23","11.82B","1.71%"
"2009年12月11日","3,247.32","3,260.45","3,280.94","3,242.37","9.15B","-0.21%"
"2009年12月10日","3,254.26","3,258.35","3,276.13","3,225.56","9.43B","0.45%"
"2009年12月9日","3,239.57","3,258.00","3,284.64","3,228.20","11.51B","-1.73%"
"2009年12月8日","3,296.66","3,330.33","3,330.38","3,260.67","13.71B","-1.06%"
"2009年12月7日","3,331.90","3,313.06","3,334.01","3,302.13","13.99B","0.45%"
"2009年12月4日","3,317.04","3,256.61","3,319.13","3,214.84","21.59B","1.61%"
"2009年12月3日","3,264.63","3,267.99","3,270.37","3,227.77","15.92B","-0.16%"
"2009年12月2日","3,269.75","3,252.98","3,278.27","3,245.96","17.51B","1.06%"
"2009年12月1日","3,235.36","3,191.06","3,240.66","3,173.42","16.53B","1.25%"
"2009年11月30日","3,195.30","3,114.29","3,195.88","3,114.29","13.89B","3.20%"
"2009年11月27日","3,096.26","3,137.30","3,169.76","3,080.89","14.88B","-2.36%"
"2009年11月26日","3,170.98","3,296.01","3,305.33","3,160.35","21.80B","-3.62%"
"2009年11月25日","3,290.16","3,214.82","3,291.17","3,188.02","18.90B","2.07%"
"2009年11月24日","3,223.53","3,352.22","3,361.39","3,214.03","25.02B","-3.45%"
"2009年11月23日","3,338.66","3,312.97","3,339.30","3,305.50","16.95B","0.92%"
"2009年11月20日","3,308.35","3,309.38","3,332.53","3,280.18","17.61B","-0.37%"
"2009年11月19日","3,320.61","3,311.19","3,329.03","3,285.80","17.46B","0.53%"
"2009年11月18日","3,303.23","3,287.26","3,315.87","3,274.21","15.87B","0.62%"
"2009年11月17日","3,282.89","3,291.04","3,298.38","3,275.30","16.60B","0.24%"
"2009年11月16日","3,275.05","3,206.43","3,275.55","3,206.43","20.04B","2.74%"
"2009年11月13日","3,187.65","3,164.65","3,189.09","3,127.50","15.11B","0.46%"
"2009年11月12日","3,172.95","3,181.46","3,199.87","3,163.08","13.80B","-0.07%"
"2009年11月11日","3,175.19","3,176.31","3,186.59","3,149.07","12.68B","-0.11%"
"2009年11月10日","3,178.61","3,203.17","3,211.11","3,176.26","14.24B","0.10%"
"2009年11月9日","3,175.59","3,162.15","3,176.66","3,141.77","13.92B","0.37%"
"2009年11月6日","3,164.04","3,176.14","3,183.57","3,156.99","16.35B","0.28%"
"2009年11月5日","3,155.05","3,133.51","3,158.72","3,122.52","14.55B","0.85%"
"2009年11月4日","3,128.54","3,119.31","3,141.45","3,096.35","14.54B","0.46%"
"2009年11月3日","3,114.23","3,085.74","3,121.20","3,078.94","15.06B","1.22%"
"2009年11月2日","3,076.65","2,933.82","3,077.91","2,923.53","13.73B","2.70%"
"2009年10月30日","2,995.85","3,007.25","3,027.13","2,983.93","10.48B","1.20%"
"2009年10月29日","2,960.47","2,975.20","2,993.43","2,952.01","11.03B","-2.34%"
"2009年10月28日","3,031.33","3,014.18","3,038.06","2,974.26","10.10B","0.33%"
"2009年10月27日","3,021.46","3,086.09","3,086.09","3,020.49","12.09B","-2.83%"
"2009年10月26日","3,109.57","3,114.29","3,123.36","3,083.18","11.48B","0.06%"
"2009年10月23日","3,107.85","3,057.39","3,123.46","3,057.39","13.86B","1.85%"
"2009年10月22日","3,051.41","3,068.68","3,080.66","3,045.03","10.30B","-0.62%"
"2009年10月21日","3,070.59","3,080.52","3,105.51","3,062.56","13.55B","-0.45%"
"2009年10月20日","3,084.45","3,062.55","3,084.94","3,053.64","14.37B","1.52%"
"2009年10月19日","3,038.27","2,974.64","3,039.61","2,962.31","12.06B","2.07%"
"2009年10月16日","2,976.63","2,992.74","3,008.18","2,931.92","9.22B","-0.11%"
"2009年10月15日","2,979.79","2,994.89","3,014.26","2,967.11","9.86B","0.31%"
"2009年10月14日","2,970.53","2,945.67","3,010.61","2,943.74","12.96B","1.17%"
"2009年10月13日","2,936.19","2,889.79","2,937.82","2,886.96","8.00B","1.44%"
"2009年10月12日","2,894.48","2,927.02","2,932.08","2,893.57","8.82B","-0.59%"
"2009年10月9日","2,911.72","2,840.13","2,912.55","2,834.62","8.55B","4.76%"
"2009年9月30日","2,779.43","2,772.57","2,803.86","2,763.71","6.48B","0.90%"
"2009年9月29日","2,754.54","2,763.76","2,779.69","2,712.30","7.36B","-0.33%"
"2009年9月28日","2,763.53","2,844.37","2,857.95","2,752.77","7.19B","-2.65%"
"2009年9月25日","2,838.84","2,836.70","2,864.07","2,812.92","7.52B","-0.52%"
"2009年9月24日","2,853.55","2,824.58","2,886.26","2,783.11","10.25B","0.38%"
"2009年9月23日","2,842.72","2,897.81","2,924.20","2,825.86","10.76B","-1.89%"
"2009年9月22日","2,897.55","2,956.13","2,982.89","2,896.94","12.41B","-2.34%"
"2009年9月21日","2,967.01","2,937.93","2,968.70","2,871.65","13.62B","0.15%"
"2009年9月18日","2,962.67","3,063.31","3,068.03","2,940.83","16.81B","-3.19%"
"2009年9月17日","3,060.26","3,015.59","3,064.23","3,015.59","16.07B","2.02%"
"2009年9月16日","2,999.71","3,027.51","3,028.56","2,960.59","14.74B","-1.12%"
"2009年9月15日","3,033.73","3,029.10","3,050.43","2,999.43","14.45B","0.23%"
"2009年9月14日","3,026.74","2,990.93","3,033.08","2,984.84","14.37B","1.24%"
"2009年9月11日","2,989.79","2,917.19","2,999.33","2,915.90","12.32B","2.22%"
"2009年9月10日","2,924.88","2,934.96","2,958.95","2,911.21","10.59B","-0.73%"
"2009年9月9日","2,946.26","2,944.17","2,962.29","2,900.11","13.08B","0.54%"
"2009年9月8日","2,930.47","2,865.70","2,931.23","2,831.85","12.79B","1.71%"
"2009年9月7日","2,881.12","2,877.62","2,919.35","2,860.00","13.12B","0.68%"
"2009年9月4日","2,861.61","2,841.17","2,875.98","2,827.58","12.89B","0.58%"
"2009年9月3日","2,845.02","2,722.30","2,854.16","2,715.62","12.99B","4.79%"
"2009年9月2日","2,714.97","2,681.33","2,729.71","2,669.22","8.39B","1.16%"
"2009年9月1日","2,683.72","2,649.17","2,727.08","2,639.76","9.80B","0.60%"
"2009年8月31日","2,667.74","2,817.63","2,817.63","2,663.00","11.82B","-6.74%"
"2009年8月28日","2,860.69","2,938.42","2,949.43","2,843.11","12.30B","-2.91%"
"2009年8月27日","2,946.39","2,947.83","2,988.03","2,909.89","13.67B","-0.71%"
"2009年8月26日","2,967.59","2,889.74","2,995.80","2,872.26","13.04B","1.78%"
"2009年8月25日","2,915.80","2,980.10","2,980.10","2,823.64","14.52B","-2.59%"
"2009年8月24日","2,993.43","2,982.19","3,004.90","2,944.92","12.29B","1.10%"
"2009年8月21日","2,960.77","2,905.05","2,969.52","2,883.27","12.68B","1.69%"
"2009年8月20日","2,911.58","2,798.37","2,914.64","2,798.37","11.00B","4.52%"
"2009年8月19日","2,785.58","2,916.09","2,929.06","2,761.39","11.45B","-4.30%"
"2009年8月18日","2,910.88","2,845.34","2,920.64","2,827.11","10.63B","1.40%"
"2009年8月17日","2,870.63","2,994.87","3,020.26","2,867.39","12.51B","-5.79%"
"2009年8月14日","3,046.97","3,138.15","3,146.01","3,039.30","12.58B","-2.98%"
"2009年8月13日","3,140.56","3,112.57","3,150.36","3,060.12","11.69B","0.89%"
"2009年8月12日","3,112.72","3,255.99","3,255.99","3,104.57","13.44B","-4.66%"
"2009年8月11日","3,264.73","3,261.41","3,273.02","3,222.71","10.38B","0.46%"
"2009年8月10日","3,249.76","3,287.76","3,307.89","3,201.06","12.67B","-0.34%"
"2009年8月7日","3,260.69","3,352.66","3,374.46","3,244.10","15.32B","-2.85%"
"2009年8月6日","3,356.33","3,401.48","3,419.74","3,309.61","17.48B","-2.10%"
"2009年8月5日","3,428.50","3,467.05","3,468.10","3,385.42","20.25B","-1.24%"
"2009年8月4日","3,471.44","3,477.11","3,478.01","3,404.82","21.15B","0.26%"
"2009年8月3日","3,462.59","3,429.69","3,465.17","3,398.45","20.08B","1.48%"
"2009年7月31日","3,412.06","3,354.68","3,414.14","3,333.72","19.37B","2.72%"
"2009年7月30日","3,321.56","3,281.20","3,336.64","3,215.75","19.80B","1.69%"
"2009年7月29日","3,266.43","3,419.99","3,454.02","3,174.21","27.58B","-5.00%"
"2009年7月28日","3,438.37","3,434.32","3,439.92","3,392.43","20.42B","0.09%"
"2009年7月27日","3,435.21","3,377.72","3,435.93","3,376.29","19.76B","1.86%"
"2009年7月24日","3,372.60","3,343.76","3,398.05","3,306.91","18.97B","1.33%"
"2009年7月23日","3,328.49","3,301.10","3,331.06","3,289.22","16.64B","0.97%"
"2009年7月22日","3,296.61","3,207.99","3,301.43","3,207.26","16.82B","2.60%"
"2009年7月21日","3,213.21","3,275.67","3,279.59","3,207.50","19.76B","-1.64%"
"2009年7月20日","3,266.92","3,203.89","3,269.18","3,192.90","19.89B","2.42%"
"2009年7月17日","3,189.74","3,181.06","3,197.23","3,158.57","16.47B","0.19%"
"2009年7月16日","3,183.74","3,209.78","3,221.07","3,175.96","19.12B","-0.15%"
"2009年7月15日","3,188.55","3,156.62","3,188.91","3,156.62","19.59B","1.38%"
"2009年7月14日","3,145.16","3,088.58","3,147.59","3,088.58","16.17B","2.10%"
"2009年7月13日","3,080.56","3,098.96","3,112.88","3,076.30","15.66B","-1.07%"
"2009年7月10日","3,113.93","3,124.79","3,140.04","3,099.99","16.12B","-0.29%"
"2009年7月9日","3,123.03","3,073.52","3,123.51","3,064.21","16.73B","1.37%"
"2009年7月8日","3,080.77","3,057.46","3,097.96","3,011.21","15.55B","-0.28%"
"2009年7月7日","3,089.45","3,118.27","3,130.07","3,077.48","17.88B","-1.13%"
"2009年7月6日","3,124.67","3,091.48","3,128.31","3,090.10","18.32B","1.18%"
"2009年7月3日","3,088.37","3,035.81","3,088.86","3,029.55","15.95B","0.92%"
"2009年7月2日","3,060.25","3,015.08","3,062.56","3,015.08","16.20B","1.73%"
"2009年7月1日","3,008.15","2,950.17","3,009.71","2,947.69","13.83B","1.65%"
"2009年6月30日","2,959.36","2,990.12","2,997.27","2,953.36","12.58B","-0.54%"
"2009年6月29日","2,975.31","2,930.31","2,976.92","2,918.39","12.85B","1.61%"
"2009年6月26日","2,928.21","2,930.50","2,937.61","2,910.34","10.96B","0.11%"
"2009年6月25日","2,925.05","2,926.62","2,946.90","2,909.09","11.96B","0.09%"
"2009年6月24日","2,922.30","2,889.05","2,923.47","2,880.28","14.06B","1.02%"
"2009年6月23日","2,892.70","2,853.49","2,941.05","2,841.90","14.45B","-0.12%"
"2009年6月22日","2,896.30","2,900.57","2,923.24","2,884.13","14.70B","0.55%"
"2009年6月19日","2,880.49","2,861.18","2,886.50","2,847.36","15.30B","0.93%"
"2009年6月18日","2,853.90","2,812.99","2,855.41","2,810.85","13.88B","1.56%"
"2009年6月17日","2,810.12","2,771.52","2,813.61","2,744.22","11.08B","1.23%"
"2009年6月16日","2,776.02","2,762.74","2,797.48","2,753.69","10.34B","-0.49%"
"2009年6月15日","2,789.55","2,743.03","2,790.98","2,727.74","10.62B","1.67%"
"2009年6月12日","2,743.76","2,793.97","2,812.68","2,722.22","12.77B","-1.91%"
"2009年6月11日","2,797.32","2,812.28","2,828.74","2,787.45","13.41B","-0.67%"
"2009年6月10日","2,816.25","2,796.90","2,820.57","2,790.00","14.53B","1.02%"
"2009年6月9日","2,787.89","2,766.51","2,788.37","2,721.85","13.26B","0.71%"
"2009年6月8日","2,768.34","2,753.34","2,795.15","2,729.03","13.32B","0.52%"
"2009年6月5日","2,753.89","2,783.86","2,791.65","2,750.38","14.66B","-0.48%"
"2009年6月4日","2,767.24","2,753.25","2,778.24","2,728.20","17.09B","-0.41%"
"2009年6月3日","2,778.59","2,722.27","2,778.68","2,717.86","15.57B","1.99%"
"2009年6月2日","2,724.30","2,739.44","2,750.88","2,713.47","15.64B","0.11%"
"2009年6月1日","2,721.28","2,668.40","2,726.72","2,668.40","14.80B","3.36%"
"2009年5月27日","2,632.93","2,601.24","2,635.31","2,592.79","10.32B","1.71%"
"2009年5月26日","2,588.57","2,615.01","2,618.80","2,585.91","11.45B","-0.82%"
"2009年5月25日","2,610.01","2,555.34","2,618.36","2,538.62","11.20B","0.48%"
"2009年5月22日","2,597.60","2,595.99","2,617.75","2,578.59","9.91B","-0.50%"
"2009年5月21日","2,610.62","2,639.14","2,663.23","2,598.87","13.89B","-1.54%"
"2009年5月20日","2,651.41","2,680.55","2,686.34","2,651.01","13.82B","-0.94%"
"2009年5月19日","2,676.68","2,679.40","2,688.11","2,660.56","14.75B","0.90%"
"2009年5月18日","2,652.78","2,632.57","2,656.84","2,589.61","11.90B","0.28%"
"2009年5月15日","2,645.26","2,646.89","2,661.37","2,623.36","11.09B","0.20%"
"2009年5月14日","2,639.89","2,631.45","2,651.49","2,610.22","12.48B","-0.90%"
"2009年5月13日","2,663.77","2,629.03","2,670.21","2,608.32","14.58B","1.74%"
"2009年5月12日","2,618.17","2,562.36","2,619.69","2,558.96","12.30B","1.49%"
"2009年5月11日","2,579.75","2,646.29","2,663.95","2,579.75","17.82B","-1.75%"
"2009年5月8日","2,625.64","2,586.76","2,634.06","2,574.57","16.19B","1.09%"
"2009年5月7日","2,597.45","2,612.12","2,622.11","2,566.12","18.18B","0.19%"
"2009年5月6日","2,592.52","2,563.56","2,596.93","2,552.63","16.07B","0.98%"
"2009年5月5日","2,567.34","2,577.43","2,590.78","2,552.39","15.84B","0.29%"
"2009年5月4日","2,559.91","2,486.68","2,560.54","2,486.22","15.34B","3.32%"
"2009年4月30日","2,477.57","2,477.93","2,491.07","2,461.36","13.12B","0.38%"
"2009年4月29日","2,468.19","2,401.66","2,477.72","2,395.48","12.65B","2.78%"
"2009年4月28日","2,401.44","2,382.88","2,411.44","2,372.34","9.48B","-0.16%"
"2009年4月27日","2,405.35","2,443.44","2,452.93","2,393.16","11.30B","-1.77%"
"2009年4月24日","2,448.59","2,477.16","2,481.53","2,445.66","11.38B","-0.62%"
"2009年4月23日","2,463.95","2,440.68","2,474.15","2,422.79","12.61B","0.11%"
"2009年4月22日","2,461.35","2,548.11","2,579.22","2,449.89","19.40B","-2.94%"
"2009年4月21日","2,535.83","2,523.26","2,552.60","2,499.60","16.46B","-0.85%"
"2009年4月20日","2,557.46","2,500.17","2,559.04","2,497.32","14.79B","2.14%"
"2009年4月17日","2,503.93","2,524.63","2,539.35","2,481.90","16.16B","-1.19%"
"2009年4月16日","2,534.13","2,542.34","2,549.31","2,497.12","18.62B","-0.08%"
"2009年4月15日","2,536.06","2,514.59","2,542.54","2,485.93","18.11B","0.35%"
"2009年4月14日","2,527.18","2,512.01","2,532.09","2,495.34","16.52B","0.54%"
"2009年4月13日","2,513.70","2,468.08","2,522.45","2,464.06","19.13B","2.84%"
"2009年4月10日","2,444.23","2,400.01","2,444.98","2,392.80","15.75B","2.70%"
"2009年4月9日","2,379.88","2,345.01","2,380.93","2,331.88","11.32B","1.38%"
"2009年4月8日","2,347.39","2,429.88","2,435.39","2,346.54","14.68B","-3.76%"
"2009年4月7日","2,439.18","2,422.10","2,449.54","2,407.51","12.42B","0.80%"
"2009年4月3日","2,419.78","2,446.12","2,456.81","2,406.50","17.03B","-0.23%"
"2009年4月2日","2,425.29","2,417.22","2,450.00","2,417.11","18.84B","0.72%"
"2009年4月1日","2,408.02","2,380.98","2,422.62","2,380.98","17.99B","1.47%"
"2009年3月31日","2,373.21","2,313.88","2,375.71","2,299.16","14.27B","0.64%"
"2009年3月30日","2,358.04","2,377.96","2,380.19","2,348.53","13.99B","-0.69%"
"2009年3月27日","2,374.44","2,380.63","2,392.77","2,361.09","18.65B","0.54%"
"2009年3月26日","2,361.70","2,296.05","2,362.05","2,274.89","15.86B","3.06%"
"2009年3月25日","2,291.55","2,333.16","2,355.69","2,291.36","14.48B","-2.00%"
"2009年3月24日","2,338.42","2,359.68","2,369.45","2,327.43","16.27B","0.56%"
"2009年3月23日","2,325.48","2,286.25","2,329.18","2,276.81","16.01B","1.95%"
"2009年3月20日","2,281.09","2,272.44","2,294.12","2,250.41","15.05B","0.68%"
"2009年3月19日","2,265.76","2,227.34","2,268.14","2,220.16","14.58B","1.89%"
"2009年3月18日","2,223.72","2,227.98","2,255.01","2,221.59","14.70B","0.24%"
"2009年3月17日","2,218.33","2,156.77","2,225.19","2,151.78","13.08B","3.02%"
"2009年3月16日","2,153.29","2,122.41","2,158.90","2,108.61","7.34B","1.15%"
"2009年3月13日","2,128.85","2,148.42","2,166.02","2,124.98","8.35B","-0.24%"
"2009年3月12日","2,133.88","2,127.73","2,136.80","2,086.02","8.72B","-0.24%"
"2009年3月11日","2,139.03","2,199.98","2,203.53","2,133.14","10.37B","-0.91%"
"2009年3月10日","2,158.57","2,097.14","2,159.27","2,088.16","8.39B","1.88%"
"2009年3月9日","2,118.75","2,205.75","2,232.67","2,116.45","12.43B","-3.39%"
"2009年3月6日","2,193.01","2,180.79","2,221.04","2,171.67","12.39B","-1.26%"
"2009年3月5日","2,221.08","2,220.15","2,241.76","2,173.49","18.24B","1.04%"
"2009年3月4日","2,198.11","2,076.62","2,201.73","2,076.62","15.48B","6.12%"
"2009年3月3日","2,071.43","2,047.21","2,088.63","2,037.02","9.78B","-1.05%"
"2009年3月2日","2,093.45","2,066.23","2,102.11","2,052.99","8.75B","0.51%"
"2009年2月27日","2,082.85","2,100.06","2,123.24","2,064.92","12.29B","-1.81%"
"2009年2月26日","2,121.25","2,201.67","2,237.55","2,102.35","14.86B","-3.87%"
"2009年2月25日","2,206.57","2,222.51","2,234.02","2,142.60","15.24B","0.27%"
"2009年2月24日","2,200.65","2,273.76","2,295.59","2,193.27","18.39B","-4.56%"
"2009年2月23日","2,305.78","2,249.29","2,313.59","2,219.71","16.03B","1.96%"
"2009年2月20日","2,261.48","2,234.36","2,262.33","2,206.21","12.89B","1.54%"
"2009年2月19日","2,227.12","2,224.49","2,247.62","2,190.47","12.98B","0.78%"
"2009年2月18日","2,209.86","2,271.26","2,295.74","2,206.06","16.25B","-4.72%"
"2009年2月17日","2,319.44","2,387.35","2,402.81","2,316.93","19.81B","-2.93%"
"2009年2月16日","2,389.39","2,338.76","2,389.88","2,328.18","21.14B","2.96%"
"2009年2月13日","2,320.79","2,249.18","2,323.12","2,236.18","19.97B","3.23%"
"2009年2月12日","2,248.09","2,265.79","2,274.20","2,191.89","17.40B","-0.56%"
"2009年2月11日","2,260.82","2,230.49","2,305.70","2,218.30","20.93B","-0.19%"
"2009年2月10日","2,265.16","2,218.49","2,266.40","2,197.01","17.26B","1.82%"
"2009年2月9日","2,224.71","2,211.32","2,238.89","2,196.71","19.23B","1.99%"
"2009年2月6日","2,181.24","2,102.08","2,185.09","2,102.08","16.09B","3.97%"
"2009年2月5日","2,098.02","2,106.84","2,149.48","2,082.60","16.54B","-0.46%"
"2009年2月4日","2,107.75","2,068.09","2,108.26","2,067.79","15.18B","2.28%"
"2009年2月3日","2,060.81","2,011.77","2,060.93","2,005.02","13.44B","2.44%"
"2009年2月2日","2,011.68","2,008.13","2,012.74","1,987.13","8.48B","1.06%"
"2009年1月23日","1,990.66","2,001.17","2,008.79","1,986.35","8.60B","-0.71%"
"2009年1月22日","2,004.95","1,996.09","2,009.85","1,980.44","8.83B","1.00%"
"2009年1月21日","1,985.02","1,965.94","2,007.91","1,960.53","8.73B","-0.46%"
"2009年1月20日","1,994.11","1,981.15","1,994.81","1,956.10","7.46B","0.37%"
"2009年1月19日","1,986.67","1,971.00","2,018.51","1,966.19","10.94B","1.65%"
"2009年1月16日","1,954.44","1,928.92","1,984.73","1,928.92","13.30B","1.78%"
"2009年1月15日","1,920.21","1,912.77","1,937.73","1,902.54","11.60B","-0.45%"
"2009年1月14日","1,928.87","1,862.31","1,929.28","1,862.31","8.79B","3.52%"
"2009年1月13日","1,863.37","1,880.87","1,888.31","1,861.81","7.38B","-1.95%"
"2009年1月12日","1,900.35","1,897.70","1,924.44","1,886.83","8.36B","-0.24%"
"2009年1月9日","1,904.86","1,875.16","1,909.35","1,875.16","7.12B","1.42%"
"2009年1月8日","1,878.18","1,890.24","1,894.17","1,862.26","8.04B","-2.38%"
"2009年1月7日","1,924.01","1,938.97","1,948.23","1,920.52","9.24B","-0.68%"
"2009年1月6日","1,937.14","1,878.83","1,938.69","1,871.97","9.91B","3.00%"
"2009年1月5日","1,880.72","1,849.02","1,880.72","1,844.09","6.71B","3.29%"
"2008年12月31日","1,820.81","1,834.95","1,844.37","1,814.75","5.04B","-0.66%"
"2008年12月30日","1,832.91","1,851.91","1,862.94","1,826.98","5.65B","-0.95%"
"2008年12月29日","1,850.48","1,846.30","1,856.33","1,815.41","5.50B","-0.06%"
"2008年12月26日","1,851.52","1,852.91","1,866.63","1,840.19","5.33B","-0.05%"
"2008年12月25日","1,852.42","1,865.72","1,877.77","1,832.36","6.46B","-0.61%"
"2008年12月24日","1,863.80","1,873.58","1,887.31","1,850.86","7.45B","-1.76%"
"2008年12月23日","1,897.22","1,990.05","1,990.05","1,895.18","9.90B","-4.55%"
"2008年12月22日","1,987.76","2,016.45","2,016.45","1,965.35","8.68B","-1.52%"
"2008年12月19日","2,018.46","2,006.21","2,038.66","1,997.12","10.22B","0.14%"
"2008年12月18日","2,015.69","1,978.97","2,016.57","1,958.97","9.22B","1.97%"
"2008年12月17日","1,976.82","1,983.84","2,003.38","1,971.82","9.72B","0.09%"
"2008年12月16日","1,975.01","1,948.86","1,976.72","1,907.83","7.83B","0.54%"
"2008年12月15日","1,964.37","1,977.03","1,989.30","1,936.56","8.15B","0.52%"
"2008年12月12日","1,954.21","2,014.58","2,023.18","1,932.27","10.81B","-3.81%"
"2008年12月11日","2,031.68","2,072.58","2,087.20","2,028.73","12.17B","-2.28%"
"2008年12月10日","2,079.12","2,025.03","2,079.55","2,005.56","12.83B","2.03%"
"2008年12月9日","2,037.74","2,100.77","2,100.81","2,036.89","14.53B","-2.54%"
"2008年12月8日","2,090.77","2,049.16","2,091.28","2,038.19","16.50B","3.57%"
"2008年12月5日","2,018.66","1,984.26","2,019.75","1,975.71","11.85B","0.86%"
"2008年12月4日","2,001.50","1,992.72","2,055.21","1,985.20","17.60B","1.84%"
"2008年12月3日","1,965.41","1,903.43","1,965.83","1,902.94","13.49B","4.01%"
"2008年12月2日","1,889.64","1,856.97","1,907.78","1,846.53","10.43B","-0.26%"
"2008年12月1日","1,894.62","1,865.74","1,895.76","1,838.10","8.19B","1.25%"
"2008年11月28日","1,871.16","1,901.67","1,915.27","1,856.29","7.77B","-2.44%"
"2008年11月27日","1,917.86","2,012.69","2,022.48","1,916.47","12.23B","1.05%"
"2008年11月26日","1,897.88","1,890.33","1,914.71","1,873.18","6.51B","0.49%"
"2008年11月25日","1,888.71","1,925.25","1,939.37","1,858.16","6.95B","-0.44%"
"2008年11月24日","1,897.06","1,961.21","1,974.47","1,893.34","8.45B","-3.67%"
"2008年11月21日","1,969.39","1,932.60","2,013.18","1,893.15","12.71B","-0.72%"
"2008年11月20日","1,983.76","1,977.21","2,030.87","1,956.73","13.08B","-1.67%"
"2008年11月19日","2,017.47","1,889.35","2,023.91","1,883.84","12.88B","6.05%"
"2008年11月18日","1,902.43","2,020.99","2,050.88","1,889.87","15.67B","-6.31%"
"2008年11月17日","2,030.48","1,981.26","2,031.10","1,963.85","13.68B","2.22%"
"2008年11月14日","1,986.44","1,943.96","1,987.26","1,921.84","13.04B","3.05%"
"2008年11月13日","1,927.61","1,837.27","1,942.90","1,825.88","12.11B","3.68%"
"2008年11月12日","1,859.11","1,820.44","1,863.90","1,815.08","6.59B","0.84%"
"2008年11月11日","1,843.61","1,872.07","1,887.80","1,840.92","9.09B","-1.66%"
"2008年11月10日","1,874.80","1,782.31","1,876.16","1,782.31","9.13B","7.27%"
"2008年11月7日","1,747.71","1,686.52","1,762.23","1,680.60","4.68B","1.75%"
"2008年11月6日","1,717.72","1,720.42","1,728.22","1,703.10","4.57B","-2.44%"
"2008年11月5日","1,760.61","1,716.22","1,788.26","1,716.22","6.03B","3.16%"
"2008年11月4日","1,706.70","1,707.92","1,717.10","1,678.96","3.93B","-0.76%"
"2008年11月3日","1,719.77","1,713.76","1,750.32","1,702.98","3.59B","-0.52%"
"2008年10月31日","1,728.79","1,754.21","1,765.68","1,721.59","4.02B","-1.97%"
"2008年10月30日","1,763.61","1,732.77","1,788.20","1,710.73","5.36B","2.55%"
"2008年10月29日","1,719.81","1,786.20","1,795.09","1,719.34","5.22B","-2.94%"
"2008年10月28日","1,771.82","1,671.40","1,786.43","1,664.92","5.98B","2.81%"
"2008年10月27日","1,723.35","1,809.22","1,809.22","1,721.60","5.05B","-6.32%"
"2008年10月24日","1,839.62","1,875.63","1,888.10","1,825.53","4.62B","-1.92%"
"2008年10月23日","1,875.56","1,851.26","1,879.85","1,828.31","4.78B","-1.07%"
"2008年10月22日","1,895.82","1,932.68","1,950.79","1,894.31","4.83B","-3.20%"
"2008年10月21日","1,958.53","1,978.67","1,996.66","1,956.11","5.41B","-0.78%"
"2008年10月20日","1,974.01","1,924.18","1,979.84","1,890.92","4.46B","2.25%"
"2008年10月17日","1,930.65","1,921.84","1,941.30","1,902.60","3.86B","1.08%"
"2008年10月16日","1,909.94","1,916.13","1,943.32","1,901.50","5.07B","-4.25%"
"2008年10月15日","1,994.67","1,995.88","2,013.49","1,963.10","4.08B","-1.12%"
"2008年10月14日","2,017.32","2,139.07","2,146.73","2,016.18","6.80B","-2.71%"
"2008年10月13日","2,073.57","1,978.56","2,074.47","1,931.47","5.66B","3.65%"
"2008年10月10日","2,000.57","1,995.96","2,027.83","1,963.18","5.41B","-3.57%"
"2008年10月9日","2,074.58","2,125.57","2,130.87","2,063.41","4.51B","-0.84%"
"2008年10月8日","2,092.22","2,095.91","2,127.09","2,059.09","5.08B","-3.04%"
"2008年10月7日","2,157.84","2,101.09","2,183.00","2,072.90","5.69B","-0.73%"
"2008年10月6日","2,173.74","2,267.39","2,267.39","2,172.57","6.09B","-5.23%"
"2008年9月26日","2,293.78","2,304.12","2,310.45","2,246.28","7.83B","-0.16%"
"2008年9月25日","2,297.50","2,214.58","2,333.28","2,211.45","10.12B","3.64%"
"2008年9月24日","2,216.81","2,133.10","2,218.29","2,116.96","6.45B","0.69%"
"2008年9月23日","2,201.51","2,209.12","2,253.39","2,181.96","10.02B","-1.56%"
"2008年9月22日","2,236.41","2,241.72","2,269.73","2,164.80","13.99B","7.77%"
"2008年9月19日","2,075.09","2,067.64","2,075.09","2,043.32","5.84B","9.45%"
"2008年9月18日","1,895.84","1,876.12","1,942.85","1,802.33","6.63B","-1.72%"
"2008年9月17日","1,929.05","1,971.94","1,999.95","1,922.68","4.59B","-2.90%"
"2008年9月16日","1,986.64","2,049.81","2,049.81","1,974.39","4.62B","-4.47%"
"2008年9月12日","2,079.67","2,077.55","2,104.63","2,064.29","3.03B","0.03%"
"2008年9月11日","2,078.98","2,143.40","2,148.12","2,070.43","3.64B","-3.34%"
"2008年9月10日","2,150.76","2,131.80","2,185.69","2,102.91","3.90B","0.23%"
"2008年9月9日","2,145.78","2,152.28","2,161.35","2,114.50","3.07B","0.11%"
"2008年9月8日","2,143.42","2,210.34","2,220.55","2,135.38","3.77B","-2.68%"
"2008年9月5日","2,202.45","2,224.53","2,238.32","2,199.36","3.86B","-3.29%"
"2008年9月4日","2,277.41","2,270.52","2,295.36","2,249.12","3.42B","0.03%"
"2008年9月3日","2,276.67","2,301.94","2,321.53","2,248.07","4.22B","-1.22%"
"2008年9月2日","2,304.89","2,312.10","2,329.01","2,284.92","3.42B","-0.87%"
"2008年9月1日","2,325.14","2,380.47","2,380.47","2,311.73","3.63B","-3.01%"
"2008年8月29日","2,397.37","2,361.05","2,420.85","2,352.10","4.64B","2.01%"
"2008年8月28日","2,350.14","2,341.96","2,374.25","2,333.03","3.48B","0.34%"
"2008年8月27日","2,342.15","2,343.88","2,385.99","2,310.45","4.10B","-0.34%"
"2008年8月26日","2,350.08","2,384.95","2,403.02","2,327.22","4.10B","-2.62%"
"2008年8月25日","2,413.37","2,408.09","2,443.99","2,382.29","3.38B","0.34%"
"2008年8月22日","2,405.23","2,414.46","2,426.71","2,362.09","4.63B","-1.09%"
"2008年8月21日","2,431.72","2,484.49","2,518.44","2,431.05","6.13B","-3.63%"
"2008年8月20日","2,523.28","2,332.48","2,523.47","2,306.66","7.37B","7.63%"
"2008年8月19日","2,344.47","2,297.24","2,355.93","2,284.59","3.86B","1.06%"
"2008年8月18日","2,319.87","2,451.78","2,455.50","2,318.93","5.37B","-5.33%"
"2008年8月15日","2,450.61","2,434.41","2,476.86","2,414.57","3.13B","0.56%"
"2008年8月14日","2,437.08","2,432.20","2,454.25","2,409.01","3.13B","-0.38%"
"2008年8月13日","2,446.30","2,440.53","2,458.77","2,370.74","4.10B","-0.44%"
"2008年8月12日","2,457.20","2,445.22","2,484.75","2,430.85","3.66B","-0.52%"
"2008年8月11日","2,470.07","2,595.89","2,601.50","2,453.71","4.72B","-5.21%"
"2008年8月8日","2,605.72","2,724.43","2,725.93","2,595.92","4.85B","-4.47%"
"2008年8月7日","2,727.58","2,717.50","2,742.70","2,691.36","3.95B","0.30%"
"2008年8月6日","2,719.37","2,711.60","2,743.11","2,678.86","4.06B","1.06%"
"2008年8月5日","2,690.75","2,751.20","2,762.26","2,684.73","4.24B","-1.86%"
"2008年8月4日","2,741.74","2,782.99","2,793.26","2,738.85","3.72B","-2.14%"
"2008年8月1日","2,801.82","2,751.02","2,830.76","2,721.95","4.92B","0.94%"
"2008年7月31日","2,775.72","2,844.65","2,848.00","2,774.10","4.45B","-2.15%"
"2008年7月30日","2,836.67","2,884.59","2,894.37","2,822.19","4.89B","-0.48%"
"2008年7月29日","2,850.31","2,868.01","2,868.01","2,827.70","5.86B","-1.82%"
"2008年7月28日","2,903.01","2,883.76","2,924.45","2,883.76","6.23B","1.32%"
"2008年7月25日","2,865.10","2,875.77","2,888.58","2,851.93","6.25B","-1.55%"
"2008年7月24日","2,910.29","2,861.81","2,912.70","2,849.10","7.25B","2.55%"
"2008年7月23日","2,837.85","2,870.93","2,887.58","2,831.11","6.15B","-0.29%"
"2008年7月22日","2,846.12","2,852.44","2,868.62","2,830.76","6.15B","-0.53%"
"2008年7月21日","2,861.42","2,759.88","2,865.07","2,745.64","6.65B","2.99%"
"2008年7月18日","2,778.37","2,711.74","2,785.53","2,665.91","5.79B","3.49%"
"2008年7月17日","2,684.78","2,747.95","2,773.28","2,676.15","5.08B","-0.78%"
"2008年7月16日","2,705.87","2,753.90","2,765.15","2,656.61","6.00B","-2.65%"
"2008年7月15日","2,779.45","2,886.11","2,896.33","2,769.91","7.09B","-3.43%"
"2008年7月14日","2,878.26","2,837.49","2,895.30","2,828.24","5.45B","0.76%"
"2008年7月11日","2,856.63","2,863.81","2,888.29","2,821.31","6.48B","-0.65%"
"2008年7月10日","2,875.45","2,879.62","2,952.04","2,862.06","9.09B","-1.54%"
"2008年7月9日","2,920.55","2,838.86","2,920.55","2,838.86","9.70B","3.75%"
"2008年7月8日","2,814.95","2,805.61","2,843.60","2,754.62","8.02B","0.81%"
"2008年7月7日","2,792.40","2,673.55","2,801.53","2,673.55","7.74B","4.59%"
"2008年7月4日","2,669.89","2,691.21","2,713.48","2,645.83","5.73B","-1.24%"
"2008年7月3日","2,703.53","2,610.82","2,746.37","2,566.53","6.81B","1.95%"
"2008年7月2日","2,651.72","2,656.04","2,700.90","2,627.90","4.02B","0.00%"
"2008年7月1日","2,651.61","2,743.16","2,753.33","2,644.78","4.07B","-3.09%"
"2008年6月30日","2,736.10","2,724.40","2,766.80","2,693.40","3.85B","-0.45%"
"2008年6月27日","2,748.43","2,809.31","2,822.26","2,723.16","6.05B","-5.29%"
"2008年6月26日","2,901.85","2,904.09","2,931.31","2,851.12","6.55B","-0.11%"
"2008年6月25日","2,905.01","2,794.04","2,910.48","2,784.42","6.48B","3.64%"
"2008年6月24日","2,803.02","2,747.32","2,817.17","2,728.83","4.84B","1.54%"
"2008年6月23日","2,760.42","2,780.15","2,813.14","2,741.19","4.07B","-2.52%"
"2008年6月20日","2,831.74","2,811.08","2,917.32","2,695.63","7.42B","3.01%"
"2008年6月19日","2,748.87","2,921.72","2,921.72","2,742.15","5.68B","-6.54%"
"2008年6月18日","2,941.11","2,772.37","2,945.42","2,729.71","6.63B","5.24%"
"2008年6月17日","2,794.75","2,873.13","2,893.47","2,769.12","4.33B","-2.76%"
"2008年6月16日","2,874.10","2,876.29","2,917.81","2,811.72","4.04B","0.18%"
"2008年6月13日","2,868.80","2,960.91","2,976.45","2,865.50","4.11B","-3.00%"
"2008年6月12日","2,957.53","3,011.56","3,031.06","2,900.12","4.95B","-2.21%"
"2008年6月11日","3,024.24","3,042.16","3,064.20","2,992.35","4.69B","-1.57%"
"2008年6月10日","3,072.33","3,202.11","3,215.50","3,045.06","5.09B","-7.73%"
"2008年6月6日","3,329.67","3,362.01","3,371.28","3,312.72","3.48B","-0.66%"
"2008年6月5日","3,351.64","3,355.93","3,376.34","3,326.54","4.18B","-0.54%"
"2008年6月4日","3,369.91","3,424.04","3,428.47","3,341.74","4.80B","-1.93%"
"2008年6月3日","3,436.40","3,456.58","3,469.06","3,409.23","5.66B","-0.65%"
"2008年6月2日","3,459.04","3,426.20","3,483.61","3,400.72","4.92B","0.75%"
"2008年5月30日","3,433.35","3,414.25","3,450.49","3,390.88","4.85B","0.94%"
"2008年5月29日","3,401.44","3,447.77","3,481.73","3,400.77","5.14B","-1.66%"
"2008年5月28日","3,459.03","3,382.77","3,486.33","3,354.25","5.25B","2.48%"
"2008年5月27日","3,375.41","3,355.11","3,383.68","3,333.95","4.25B","0.32%"
"2008年5月26日","3,364.54","3,442.29","3,443.99","3,361.99","5.28B","-3.13%"
"2008年5月23日","3,473.09","3,473.80","3,521.39","3,435.84","6.00B","-0.36%"
"2008年5月22日","3,485.63","3,493.07","3,558.02","3,469.79","6.85B","-1.65%"
"2008年5月21日","3,544.19","3,414.34","3,560.53","3,355.08","7.36B","2.93%"
"2008年5月20日","3,443.16","3,601.55","3,632.01","3,432.38","6.64B","-4.48%"
"2008年5月19日","3,604.76","3,615.59","3,624.84","3,563.61","4.85B","-0.54%"
"2008年5月16日","3,624.23","3,637.64","3,661.07","3,582.50","6.48B","-0.36%"
"2008年5月15日","3,637.32","3,676.84","3,706.72","3,636.22","8.40B","-0.55%"
"2008年5月14日","3,657.43","3,549.67","3,661.97","3,549.67","8.86B","2.73%"
"2008年5月13日","3,560.24","3,515.71","3,615.06","3,508.32","9.07B","-1.84%"
"2008年5月12日","3,626.98","3,548.61","3,668.86","3,521.88","7.99B","0.37%"
"2008年5月9日","3,613.49","3,682.95","3,693.16","3,552.47","8.79B","-1.19%"
"2008年5月8日","3,656.84","3,538.92","3,658.05","3,523.03","7.52B","2.17%"
"2008年5月7日","3,579.15","3,716.45","3,774.07","3,577.99","9.05B","-4.13%"
"2008年5月6日","3,733.50","3,735.85","3,786.02","3,680.99","9.89B","-0.73%"
"2008年5月5日","3,761.01","3,739.80","3,768.22","3,696.70","9.97B","1.84%"
"2008年4月30日","3,693.11","3,545.57","3,705.09","3,543.02","10.76B","4.82%"
"2008年4月29日","3,523.41","3,457.35","3,544.23","3,453.28","6.72B","1.40%"
"2008年4月28日","3,474.72","3,497.38","3,530.91","3,460.26","7.57B","-2.33%"
"2008年4月25日","3,557.75","3,572.55","3,658.55","3,527.84","12.96B","-0.71%"
"2008年4月24日","3,583.03","3,539.87","3,593.20","3,461.64","14.21B","9.29%"
"2008年4月23日","3,278.33","3,116.41","3,296.72","3,089.89","6.62B","4.15%"
"2008年4月22日","3,147.79","3,076.72","3,148.73","2,990.79","4.88B","0.99%"
"2008年4月21日","3,116.98","3,305.15","3,305.17","3,073.56","6.00B","0.72%"
"2008年4月18日","3,094.67","3,200.57","3,203.71","3,078.17","4.37B","-3.97%"
"2008年4月17日","3,222.74","3,286.41","3,352.95","3,180.20","4.58B","-2.09%"
"2008年4月16日","3,291.60","3,349.93","3,363.22","3,283.08","4.01B","-1.69%"
"2008年4月15日","3,348.35","3,282.57","3,349.76","3,212.15","4.47B","1.57%"
"2008年4月14日","3,296.67","3,419.05","3,427.88","3,285.30","5.03B","-5.62%"
"2008年4月11日","3,492.89","3,498.55","3,517.82","3,462.14","4.33B","0.61%"
"2008年4月10日","3,471.74","3,378.14","3,474.31","3,344.87","4.55B","1.69%"
"2008年4月9日","3,413.91","3,585.85","3,606.89","3,413.07","5.99B","-5.50%"
"2008年4月8日","3,612.54","3,604.26","3,656.96","3,563.85","6.55B","0.36%"
"2008年4月7日","3,599.62","3,418.52","3,613.48","3,386.51","6.10B","4.45%"
"2008年4月3日","3,446.24","3,323.43","3,456.95","3,271.29","5.09B","2.94%"
"2008年4月2日","3,347.88","3,370.60","3,464.53","3,283.64","6.55B","0.56%"
"2008年4月1日","3,329.16","3,461.09","3,493.13","3,308.90","5.48B","-4.13%"
"2008年3月31日","3,472.71","3,465.91","3,555.82","3,445.56","4.71B","-3.00%"
"2008年3月28日","3,580.15","3,378.63","3,590.75","3,357.23","6.33B","4.94%"
"2008年3月27日","3,411.49","3,541.28","3,541.28","3,407.90","5.51B","-5.42%"
"2008年3月26日","3,606.86","3,644.13","3,698.32","3,591.11","4.63B","-0.63%"
"2008年3月25日","3,629.62","3,559.94","3,659.21","3,521.53","5.28B","0.09%"
"2008年3月24日","3,626.19","3,830.35","3,840.48","3,624.94","5.90B","-4.49%"
"2008年3月21日","3,796.58","3,790.11","3,838.06","3,746.39","6.51B","-0.20%"
"2008年3月20日","3,804.05","3,721.50","3,857.62","3,516.33","7.33B","1.13%"
"2008年3月19日","3,761.61","3,746.05","3,813.89","3,677.82","6.16B","2.53%"
"2008年3月18日","3,668.90","3,789.57","3,862.77","3,607.25","5.79B","-3.96%"
"2008年3月17日","3,820.05","3,941.26","3,941.26","3,813.00","4.91B","-3.60%"
"2008年3月14日","3,962.67","3,956.75","4,000.78","3,891.70","4.14B","-0.22%"
"2008年3月13日","3,971.26","4,033.32","4,055.45","3,902.25","6.37B","-2.43%"
"2008年3月12日","4,070.12","4,254.67","4,272.98","4,068.78","5.72B","-2.30%"
"2008年3月11日","4,165.88","4,121.65","4,165.91","4,063.47","5.13B","0.47%"
"2008年3月10日","4,146.30","4,265.61","4,265.61","4,120.53","6.57B","-3.59%"
"2008年3月7日","4,300.52","4,315.81","4,341.30","4,265.83","5.67B","-1.39%"
"2008年3月6日","4,360.99","4,310.35","4,427.50","4,260.79","8.49B","1.59%"
"2008年3月5日","4,292.65","4,316.25","4,352.82","4,210.96","7.41B","-0.99%"
"2008年3月4日","4,335.45","4,454.18","4,472.15","4,321.27","8.70B","-2.32%"
"2008年3月3日","4,438.27","4,323.70","4,456.96","4,279.35","7.85B","2.06%"
"2008年2月29日","4,348.54","4,293.53","4,364.81","4,275.90","4.78B","1.14%"
"2008年2月28日","4,299.51","4,343.28","4,344.93","4,265.50","4.79B","-0.80%"
"2008年2月27日","4,334.05","4,256.53","4,360.70","4,222.46","5.05B","2.26%"
"2008年2月26日","4,238.18","4,302.73","4,331.64","4,123.31","5.57B","1.09%"
"2008年2月25日","4,192.53","4,370.19","4,391.33","4,182.77","5.88B","-4.07%"
"2008年2月22日","4,370.28","4,500.39","4,500.39","4,333.03","6.76B","-3.47%"
"2008年2月21日","4,527.18","4,534.17","4,568.21","4,452.68","6.13B","-0.87%"
"2008年2月20日","4,567.03","4,682.59","4,695.80","4,556.81","6.65B","-2.09%"
"2008年2月19日","4,664.30","4,582.28","4,665.55","4,544.94","6.07B","2.10%"
"2008年2月18日","4,568.15","4,546.75","4,601.22","4,517.60","5.58B","1.58%"
"2008年2月15日","4,497.13","4,523.79","4,523.79","4,431.46","4.14B","-1.21%"
"2008年2月14日","4,552.32","4,527.05","4,576.98","4,507.94","3.49B","1.37%"
"2008年2月13日","4,490.72","4,525.03","4,547.54","4,454.64","3.69B","-2.37%"
"2008年2月5日","4,599.70","4,622.54","4,662.97","4,550.43","5.26B","-1.55%"
"2008年2月4日","4,672.17","4,415.02","4,672.21","4,415.02","6.34B","8.13%"
"2008年2月1日","4,320.77","4,388.25","4,411.70","4,195.75","5.93B","-1.43%"
"2008年1月31日","4,383.39","4,408.02","4,487.32","4,368.30","4.51B","-0.78%"
"2008年1月30日","4,417.85","4,505.64","4,554.34","4,330.70","5.51B","-0.90%"
"2008年1月29日","4,457.94","4,426.27","4,517.60","4,389.52","5.04B","0.87%"
"2008年1月28日","4,419.29","4,720.56","4,720.56","4,409.08","6.94B","-7.19%"
"2008年1月25日","4,761.69","4,716.98","4,806.89","4,657.71","7.79B","0.93%"
"2008年1月24日","4,717.73","4,753.44","4,767.80","4,625.46","9.00B","0.31%"
"2008年1月23日","4,703.05","4,572.90","4,705.07","4,510.50","8.80B","3.14%"
"2008年1月22日","4,559.75","4,818.00","4,818.00","4,511.95","9.25B","-7.22%"
"2008年1月21日","4,914.44","5,188.80","5,200.93","4,891.28","7.56B","-5.14%"
"2008年1月18日","5,180.51","5,141.37","5,187.60","5,093.13","6.86B","0.56%"
"2008年1月17日","5,151.63","5,235.91","5,312.29","5,039.79","9.89B","-2.63%"
"2008年1月16日","5,290.61","5,395.28","5,396.04","5,288.77","8.93B","-2.81%"
"2008年1月15日","5,443.79","5,503.93","5,505.03","5,405.60","8.07B","-0.98%"
"2008年1月14日","5,497.90","5,507.58","5,522.78","5,456.93","7.87B","0.24%"
"2008年1月11日","5,484.68","5,471.39","5,500.06","5,423.81","8.77B","0.52%"
"2008年1月10日","5,456.54","5,449.16","5,483.83","5,407.31","9.66B","0.38%"
"2008年1月9日","5,435.81","5,365.22","5,437.76","5,346.85","7.68B","0.91%"
"2008年1月8日","5,386.53","5,414.56","5,480.07","5,344.65","10.25B","-0.13%"
"2008年1月7日","5,393.34","5,357.45","5,403.35","5,332.60","9.19B","0.59%"
"2008年1月4日","5,361.57","5,328.41","5,372.46","5,318.46","8.09B","0.78%"
"2008年1月3日","5,319.86","5,269.80","5,321.46","5,211.05","9.85B","0.89%"
"2008年1月2日","5,272.81","5,265.00","5,295.02","5,201.89","7.66B","0.21%"
"2007年12月28日","5,261.56","5,320.01","5,336.50","5,248.69","7.72B","-0.89%"
"2007年12月27日","5,308.89","5,248.22","5,316.52","5,203.50","8.73B","1.44%"
"2007年12月26日","5,233.35","5,209.03","5,262.59","5,158.76","7.45B","0.62%"
"2007年12月25日","5,201.18","5,233.18","5,254.40","5,178.80","7.10B","-0.63%"
"2007年12月24日","5,234.26","5,132.91","5,284.34","5,104.65","8.51B","2.60%"
"2007年12月21日","5,101.78","5,017.19","5,112.39","5,013.76","6.61B","1.15%"
"2007年12月20日","5,043.53","4,965.29","5,050.78","4,923.30","5.77B","2.06%"
"2007年12月19日","4,941.78","4,878.07","4,960.42","4,868.35","5.63B","2.18%"
"2007年12月18日","4,836.17","4,856.47","4,905.49","4,812.16","4.06B","-0.83%"
"2007年12月17日","4,876.76","5,007.28","5,007.35","4,874.62","6.35B","-2.62%"
"2007年12月14日","5,007.91","4,899.75","5,011.20","4,860.16","5.31B","1.01%"
"2007年12月13日","4,958.04","5,078.18","5,095.15","4,954.36","6.73B","-2.70%"
"2007年12月12日","5,095.54","5,148.25","5,149.93","5,054.56","7.22B","-1.54%"
"2007年12月11日","5,175.08","5,180.54","5,209.70","5,103.75","6.68B","0.25%"
"2007年12月10日","5,161.92","5,010.83","5,168.76","4,990.72","6.88B","1.38%"
"2007年12月7日","5,091.76","5,038.48","5,096.80","5,021.37","5.00B","1.13%"
"2007年12月6日","5,035.07","5,055.84","5,065.51","4,995.47","4.32B","-0.15%"
"2007年12月5日","5,042.65","4,917.36","5,052.75","4,893.32","5.43B","2.58%"
"2007年12月4日","4,915.89","4,882.15","4,971.40","4,882.15","4.28B","0.97%"
"2007年12月3日","4,868.61","4,838.56","4,899.67","4,798.01","5.38B","-0.07%"
"2007年11月30日","4,871.78","4,993.74","4,993.74","4,861.86","4.33B","-2.63%"
"2007年11月29日","5,003.33","4,870.86","5,011.19","4,814.78","5.01B","4.16%"
"2007年11月28日","4,803.39","4,870.84","4,907.76","4,778.73","3.28B","-1.19%"
"2007年11月27日","4,861.11","4,919.91","4,947.08","4,857.04","3.08B","-1.97%"
"2007年11月26日","4,958.85","5,102.53","5,124.89","4,952.43","3.68B","-1.46%"
"2007年11月23日","5,032.13","4,946.26","5,034.23","4,896.99","3.09B","0.96%"
"2007年11月22日","4,984.16","5,113.88","5,154.86","4,969.89","4.04B","-4.41%"
"2007年11月21日","5,214.23","5,307.79","5,344.93","5,206.57","4.12B","-1.50%"
"2007年11月20日","5,293.70","5,230.74","5,338.17","5,158.54","4.91B","0.45%"
"2007年11月19日","5,269.82","5,325.30","5,333.09","5,240.42","4.11B","-0.87%"
"2007年11月16日","5,316.27","5,273.08","5,335.51","5,224.31","3.74B","-0.91%"
"2007年11月15日","5,365.27","5,391.02","5,453.74","5,338.90","4.78B","-0.88%"
"2007年11月14日","5,412.69","5,246.57","5,414.61","5,165.06","5.10B","4.94%"
"2007年11月13日","5,158.12","5,239.34","5,311.70","5,085.44","4.92B","-0.57%"
"2007年11月12日","5,187.73","5,181.18","5,250.09","5,032.58","5.26B","-2.40%"
"2007年11月9日","5,315.54","5,276.01","5,382.70","5,217.63","4.73B","-0.27%"
"2007年11月8日","5,330.02","5,559.15","5,559.15","5,328.20","4.89B","-4.85%"
"2007年11月7日","5,601.78","5,565.65","5,610.95","5,469.76","4.27B","1.18%"
"2007年11月6日","5,536.57","5,593.35","5,649.75","5,510.16","4.51B","-1.74%"
"2007年11月5日","5,634.45","5,748.18","5,787.23","5,603.47","6.41B","-2.48%"
"2007年11月2日","5,777.81","5,812.47","5,860.59","5,740.40","5.95B","-2.31%"
"2007年11月1日","5,914.28","5,978.94","6,005.13","5,912.50","6.49B","-0.68%"
"2007年10月31日","5,954.77","5,984.71","6,002.12","5,871.48","7.10B","0.98%"
"2007年10月30日","5,897.19","5,769.20","5,899.65","5,701.34","5.43B","2.60%"
"2007年10月29日","5,748.00","5,641.98","5,750.25","5,617.98","5.02B","2.83%"
"2007年10月26日","5,589.63","5,498.86","5,628.83","5,462.01","5.15B","0.49%"
"2007年10月25日","5,562.39","5,794.22","5,819.88","5,546.04","7.17B","-4.80%"
"2007年10月24日","5,843.11","5,804.02","5,906.69","5,793.56","6.03B","1.21%"
"2007年10月23日","5,773.39","5,660.07","5,776.02","5,574.84","5.85B","1.87%"
"2007年10月22日","5,667.33","5,742.79","5,804.84","5,654.91","5.44B","-2.59%"
"2007年10月19日","5,818.05","5,869.12","5,932.11","5,766.86","5.52B","-0.12%"
"2007年10月18日","5,825.28","6,031.92","6,055.47","5,804.97","6.98B","-3.50%"
"2007年10月17日","6,036.28","6,057.43","6,088.89","5,982.20","7.13B","-0.92%"
"2007年10月16日","6,092.06","6,056.95","6,124.04","6,040.71","8.82B","1.03%"
"2007年10月15日","6,030.09","5,934.77","6,039.04","5,866.13","9.87B","2.15%"
"2007年10月12日","5,903.26","5,950.90","5,959.36","5,658.81","11.91B","-0.17%"
"2007年10月11日","5,913.23","5,798.39","5,914.77","5,755.99","9.47B","2.46%"
"2007年10月10日","5,771.46","5,742.65","5,860.86","5,727.24","9.24B","0.97%"
"2007年10月9日","5,715.89","5,678.91","5,725.41","5,628.35","8.33B","0.41%"
"2007年10月8日","5,692.76","5,683.31","5,729.96","5,620.00","9.60B","2.53%"
"2007年9月28日","5,552.30","5,461.58","5,560.42","5,461.58","8.06B","2.64%"
"2007年9月27日","5,409.40","5,338.11","5,411.19","5,306.82","5.89B","1.33%"
"2007年9月26日","5,338.52","5,407.83","5,463.90","5,320.02","6.36B","-1.61%"
"2007年9月25日","5,425.88","5,500.27","5,509.23","5,396.48","9.65B","-1.08%"
"2007年9月24日","5,485.01","5,469.84","5,506.06","5,404.42","8.18B","0.56%"
"2007年9月21日","5,454.67","5,482.51","5,489.07","5,363.35","9.28B","-0.28%"
"2007年9月20日","5,470.06","5,408.48","5,482.43","5,396.11","8.65B","1.39%"
"2007年9月19日","5,395.27","5,439.02","5,447.36","5,336.07","8.97B","-0.55%"
"2007年9月18日","5,425.21","5,446.73","5,458.58","5,339.92","10.27B","0.07%"
"2007年9月17日","5,421.39","5,309.06","5,427.17","5,307.77","10.56B","2.06%"
"2007年9月14日","5,312.18","5,290.26","5,324.44","5,201.85","9.47B","0.73%"
"2007年9月13日","5,273.59","5,193.41","5,276.77","5,178.87","8.65B","1.95%"
"2007年9月12日","5,172.63","5,092.58","5,192.30","5,025.34","9.71B","1.15%"
"2007年9月11日","5,113.97","5,362.94","5,395.04","5,093.92","11.01B","-4.51%"
"2007年9月10日","5,355.29","5,208.32","5,356.86","5,169.90","10.24B","1.48%"
"2007年9月7日","5,277.18","5,381.19","5,405.36","5,269.25","11.98B","-2.16%"
"2007年9月6日","5,393.66","5,336.67","5,412.32","5,314.34","10.70B","1.56%"
"2007年9月5日","5,310.72","5,296.07","5,337.93","5,223.67","9.62B","0.31%"
"2007年9月4日","5,294.05","5,333.40","5,357.93","5,265.00","12.04B","-0.51%"
"2007年9月3日","5,321.06","5,257.78","5,327.54","5,257.78","12.58B","1.96%"
"2007年8月31日","5,218.82","5,184.09","5,235.16","5,158.37","10.36B","0.99%"
"2007年8月30日","5,167.88","5,144.11","5,186.53","5,109.66","10.12B","1.14%"
"2007年8月29日","5,109.43","5,147.71","5,204.53","5,063.41","10.08B","-1.64%"
"2007年8月28日","5,194.69","5,134.14","5,209.51","5,058.45","10.54B","0.87%"
"2007年8月27日","5,150.12","5,144.82","5,192.06","5,092.08","11.62B","0.83%"
"2007年8月24日","5,107.67","5,070.65","5,125.36","5,052.24","10.90B","1.49%"
"2007年8月23日","5,032.49","5,002.84","5,050.38","4,968.33","9.93B","1.05%"
"2007年8月22日","4,980.07","4,876.35","4,999.19","4,861.27","10.81B","0.50%"
"2007年8月21日","4,955.21","4,944.21","4,982.98","4,917.82","10.42B","1.03%"
"2007年8月20日","4,904.85","4,773.83","4,906.00","4,758.40","9.92B","5.33%"
"2007年8月17日","4,656.57","4,733.14","4,814.37","4,646.43","9.12B","-2.28%"
"2007年8月16日","4,765.45","4,845.02","4,845.02","4,710.31","9.05B","-2.14%"
"2007年8月15日","4,869.88","4,875.51","4,916.31","4,762.72","9.05B","-0.06%"
"2007年8月14日","4,872.78","4,820.15","4,876.85","4,789.90","8.86B","1.09%"
"2007年8月13日","4,820.06","4,768.62","4,872.55","4,728.89","11.42B","1.49%"
"2007年8月10日","4,749.37","4,745.18","4,769.62","4,640.77","10.19B","-0.10%"
"2007年8月9日","4,754.10","4,658.59","4,768.89","4,658.59","9.77B","1.95%"
"2007年8月8日","4,663.16","4,614.59","4,711.32","4,568.69","11.89B","0.26%"
"2007年8月7日","4,651.23","4,642.01","4,687.44","4,581.29","11.62B","0.50%"
"2007年8月6日","4,628.11","4,600.12","4,629.97","4,564.31","11.17B","1.48%"
"2007年8月3日","4,560.77","4,440.98","4,562.69","4,438.96","11.51B","3.47%"
"2007年8月2日","4,407.73","4,316.57","4,431.85","4,290.81","9.83B","2.49%"
"2007年8月1日","4,300.56","4,488.77","4,502.30","4,284.87","12.63B","-3.81%"
"2007年7月31日","4,471.03","4,432.27","4,476.63","4,379.20","10.86B","0.68%"
"2007年7月30日","4,440.77","4,348.61","4,450.19","4,345.79","11.26B","2.20%"
"2007年7月27日","4,345.36","4,315.37","4,357.34","4,268.79","10.02B","-0.03%"
"2007年7月26日","4,346.46","4,347.78","4,371.51","4,304.19","9.92B","0.52%"
"2007年7月25日","4,323.97","4,212.95","4,325.38","4,212.23","9.40B","2.70%"
"2007年7月24日","4,210.33","4,238.32","4,284.83","4,192.72","11.10B","-0.07%"
"2007年7月23日","4,213.36","4,091.24","4,220.32","4,091.24","12.17B","3.81%"
"2007年7月20日","4,058.85","3,918.41","4,062.12","3,918.41","8.31B","3.73%"
"2007年7月19日","3,912.94","3,918.54","3,947.33","3,887.59","4.87B","-0.44%"
"2007年7月18日","3,930.06","3,880.85","3,971.61","3,861.91","6.29B","0.87%"
"2007年7月17日","3,896.19","3,809.56","3,919.78","3,767.22","4.87B","1.94%"
"2007年7月16日","3,821.92","3,920.65","3,931.87","3,820.57","4.76B","-2.36%"
"2007年7月13日","3,914.39","3,920.83","3,935.51","3,878.18","4.60B","-0.04%"
"2007年7月12日","3,915.99","3,874.04","3,925.60","3,861.04","5.52B","1.30%"
"2007年7月11日","3,865.72","3,837.80","3,879.29","3,812.14","5.14B","0.33%"
"2007年7月10日","3,853.02","3,895.91","3,929.42","3,841.80","7.66B","-0.78%"
"2007年7月9日","3,883.22","3,809.67","3,900.90","3,782.73","8.35B","2.69%"
"2007年7月6日","3,781.35","3,599.82","3,785.35","3,563.54","8.07B","4.58%"
"2007年7月5日","3,615.87","3,769.64","3,778.40","3,614.53","6.34B","-5.25%"
"2007年7月4日","3,816.16","3,906.01","3,916.47","3,800.28","5.65B","-2.14%"
"2007年7月3日","3,899.72","3,854.72","3,906.76","3,821.46","6.97B","1.65%"
"2007年7月2日","3,836.29","3,800.23","3,859.86","3,724.19","7.43B","0.41%"
"2007年6月29日","3,820.70","3,824.29","3,919.34","3,779.81","8.61B","-2.39%"
"2007年6月28日","3,914.20","4,080.19","4,113.28","3,912.81","9.78B","-4.03%"
"2007年6月27日","4,078.60","3,985.72","4,090.72","3,948.29","9.51B","2.65%"
"2007年6月26日","3,973.37","3,863.25","3,976.19","3,818.85","9.38B","0.82%"
"2007年6月25日","3,941.08","4,102.79","4,131.13","3,912.42","10.16B","-3.68%"
"2007年6月22日","4,091.45","4,230.97","4,249.43","4,024.49","11.97B","-3.29%"
"2007年6月21日","4,230.82","4,170.89","4,256.54","4,147.05","11.29B","1.18%"
"2007年6月20日","4,181.32","4,269.45","4,312.00","4,164.27","13.52B","-2.07%"
"2007年6月19日","4,269.52","4,247.74","4,280.85","4,209.57","12.46B","0.38%"
"2007年6月18日","4,253.35","4,195.39","4,267.74","4,193.31","12.90B","2.92%"
"2007年6月15日","4,132.87","4,085.66","4,152.54","4,067.36","10.87B","0.43%"
"2007年6月14日","4,115.21","4,162.21","4,179.73","4,085.78","13.84B","-1.47%"
"2007年6月13日","4,176.48","4,110.74","4,193.45","4,102.04","16.69B","2.56%"
"2007年6月12日","4,072.14","4,011.68","4,073.18","3,910.00","14.95B","1.91%"
"2007年6月11日","3,995.68","3,942.01","4,000.42","3,930.74","13.38B","2.11%"
"2007年6月8日","3,913.14","3,900.03","3,935.79","3,852.05","13.59B","0.57%"
"2007年6月7日","3,890.80","3,787.70","3,891.40","3,779.50","14.24B","3.03%"
"2007年6月6日","3,776.32","3,781.38","3,821.70","3,682.79","14.59B","0.24%"
"2007年6月5日","3,767.10","3,564.43","3,768.56","3,404.15","15.71B","2.63%"
"2007年6月4日","3,670.40","3,981.82","3,987.27","3,659.09","11.49B","-8.26%"
"2007年6月1日","4,000.74","4,120.63","4,181.28","3,966.98","16.09B","-2.65%"
"2007年5月31日","4,109.65","4,006.28","4,178.11","3,858.04","17.31B","1.40%"
"2007年5月30日","4,053.09","4,087.41","4,275.24","4,015.51","18.56B","-6.50%"
"2007年5月29日","4,334.92","4,288.98","4,335.96","4,262.02","17.21B","1.47%"
"2007年5月28日","4,272.11","4,221.58","4,283.93","4,215.24","17.86B","2.21%"
"2007年5月25日","4,179.78","4,133.19","4,190.47","4,111.26","15.42B","0.69%"
"2007年5月24日","4,151.13","4,188.68","4,208.39","4,089.39","18.10B","-0.54%"
"2007年5月23日","4,173.71","4,125.43","4,175.44","4,093.91","16.14B","1.54%"
"2007年5月22日","4,110.38","4,091.14","4,136.63","4,086.82","17.36B","0.94%"
"2007年5月21日","4,072.22","3,902.35","4,083.42","3,892.97","15.62B","1.04%"
"2007年5月18日","4,030.26","4,041.39","4,052.10","3,999.16","13.08B","-0.45%"
"2007年5月17日","4,048.29","4,002.49","4,064.28","3,982.99","13.93B","1.56%"
"2007年5月16日","3,986.04","3,890.81","3,987.41","3,845.23","13.17B","2.23%"
"2007年5月15日","3,899.18","4,055.83","4,069.85","3,891.36","15.67B","-3.64%"
"2007年5月14日","4,046.39","3,970.66","4,081.43","3,940.36","13.93B","0.61%"
"2007年5月11日","4,021.68","4,024.42","4,039.67","3,949.37","14.06B","-0.69%"
"2007年5月10日","4,049.70","4,021.42","4,072.14","3,991.48","17.11B","0.91%"
"2007年5月9日","4,013.09","3,961.10","4,015.22","3,875.38","20.84B","1.60%"
"2007年5月8日","3,950.01","3,937.94","3,964.71","3,901.33","16.06B","2.83%"
"2007年4月30日","3,841.27","3,784.27","3,851.35","3,759.48","14.65B","2.16%"
"2007年4月27日","3,759.87","3,788.75","3,802.92","3,720.60","13.22B","-0.61%"
"2007年4月26日","3,783.06","3,766.48","3,784.68","3,732.60","11.73B","1.04%"
"2007年4月25日","3,743.96","3,708.57","3,769.25","3,653.99","15.18B","0.63%"
"2007年4月24日","3,720.53","3,736.15","3,762.39","3,689.13","17.44B","0.26%"
"2007年4月23日","3,710.89","3,615.79","3,710.89","3,615.79","16.35B","3.53%"
"2007年4月20日","3,584.20","3,460.90","3,591.46","3,460.90","13.89B","3.92%"
"2007年4月19日","3,449.02","3,610.02","3,617.44","3,358.93","17.27B","-4.52%"
"2007年4月18日","3,612.40","3,614.68","3,623.87","3,564.23","15.05B","0.01%"
"2007年4月17日","3,611.87","3,611.63","3,622.89","3,510.50","16.07B","0.43%"
"2007年4月16日","3,596.44","3,523.22","3,597.22","3,523.22","13.10B","2.22%"
"2007年4月13日","3,518.27","3,537.22","3,563.86","3,504.16","15.07B","-0.36%"
"2007年4月12日","3,531.03","3,503.23","3,532.86","3,488.08","13.54B","1.02%"
"2007年4月11日","3,495.22","3,454.42","3,497.52","3,428.78","14.76B","1.48%"
"2007年4月10日","3,444.29","3,405.23","3,444.37","3,351.11","14.78B","1.33%"
"2007年4月9日","3,398.95","3,333.42","3,399.51","3,333.26","13.73B","2.27%"
"2007年4月6日","3,323.59","3,287.68","3,334.22","3,273.86","11.96B","0.13%"
"2007年4月5日","3,319.14","3,286.16","3,326.92","3,259.63","11.45B","0.84%"
"2007年4月4日","3,291.54","3,295.98","3,308.15","3,266.56","11.26B","0.01%"
"2007年4月3日","3,291.30","3,265.68","3,292.58","3,251.52","10.86B","1.19%"
"2007年4月2日","3,252.59","3,196.59","3,253.43","3,196.59","9.74B","2.15%"
"2007年3月30日","3,183.98","3,178.50","3,212.39","3,157.03","8.94B","-0.42%"
"2007年3月29日","3,197.54","3,179.80","3,273.73","3,176.53","14.95B","0.77%"
"2007年3月28日","3,173.02","3,140.68","3,180.33","3,052.08","16.73B","1.09%"
"2007年3月27日","3,138.83","3,126.03","3,145.04","3,103.78","12.46B","0.51%"
"2007年3月26日","3,122.81","3,083.94","3,123.18","3,069.47","12.27B","1.58%"
"2007年3月23日","3,074.29","3,071.81","3,085.32","3,008.15","11.87B","0.10%"
"2007年3月22日","3,071.22","3,080.60","3,099.82","3,059.38","12.61B","0.45%"
"2007年3月21日","3,057.38","3,042.10","3,057.71","3,020.95","9.92B","0.83%"
"2007年3月20日","3,032.20","3,024.78","3,033.02","2,998.80","9.28B","0.59%"
"2007年3月19日","3,014.44","2,864.26","3,038.00","2,852.86","11.00B","2.87%"
"2007年3月16日","2,930.48","2,964.09","2,979.71","2,899.03","12.27B","-0.72%"
"2007年3月15日","2,951.70","2,905.98","2,955.46","2,905.98","10.17B","1.56%"
"2007年3月14日","2,906.33","2,933.68","2,934.45","2,868.81","11.37B","-1.97%"
"2007年3月13日","2,964.79","2,958.10","2,966.19","2,932.23","10.72B","0.33%"
"2007年3月12日","2,954.91","2,945.92","2,958.63","2,904.74","10.15B","0.58%"
"2007年3月9日","2,937.91","2,934.49","2,962.42","2,891.81","10.71B","0.34%"
"2007年3月8日","2,928.01","2,904.18","2,928.80","2,871.46","8.90B","1.08%"
"2007年3月7日","2,896.59","2,851.75","2,911.42","2,849.65","8.79B","1.99%"
"2007年3月6日","2,840.18","2,776.17","2,866.33","2,756.96","7.70B","1.97%"
"2007年3月5日","2,785.31","2,827.68","2,858.44","2,723.07","10.69B","-1.63%"
"2007年3月2日","2,831.53","2,792.94","2,846.16","2,777.80","9.39B","1.23%"
"2007年3月1日","2,797.19","2,877.20","2,878.36","2,760.91","12.74B","-2.91%"
"2007年2月28日","2,881.07","2,734.59","2,888.90","2,732.88","12.15B","3.94%"
"2007年2月27日","2,771.79","3,048.83","3,049.77","2,763.39","16.14B","-8.84%"
"2007年2月26日","3,040.60","2,999.09","3,041.34","2,960.74","11.21B","1.41%"
"2007年2月16日","2,998.47","3,018.18","3,036.35","2,975.83","11.79B","0.18%"
"2007年2月15日","2,993.01","2,923.67","2,994.62","2,923.67","10.88B","3.03%"
"2007年2月14日","2,905.09","2,836.82","2,915.06","2,823.38","9.40B","2.59%"
"2007年2月13日","2,831.87","2,819.14","2,835.09","2,801.31","7.90B","0.88%"
"2007年2月12日","2,807.17","2,729.84","2,807.51","2,728.78","7.90B","2.81%"
"2007年2月9日","2,730.39","2,741.48","2,747.94","2,704.36","8.09B","-0.27%"
"2007年2月8日","2,737.73","2,725.14","2,751.16","2,691.27","8.84B","0.79%"
"2007年2月7日","2,716.18","2,688.96","2,745.39","2,681.33","9.49B","1.51%"
"2007年2月6日","2,675.70","2,612.84","2,677.04","2,541.53","8.66B","2.42%"
"2007年2月5日","2,612.54","2,658.07","2,672.35","2,610.33","6.92B","-2.27%"
"2007年2月2日","2,673.21","2,791.49","2,796.44","2,666.86","8.54B","-4.03%"
"2007年2月1日","2,785.43","2,744.81","2,801.69","2,706.29","9.34B","-0.03%"
"2007年1月31日","2,786.34","2,926.07","2,929.65","2,766.75","11.43B","-4.92%"
"2007年1月30日","2,930.56","2,959.40","2,980.51","2,901.76","11.19B","-0.50%"
"2007年1月29日","2,945.26","2,897.25","2,954.34","2,885.86","11.21B","2.18%"
"2007年1月26日","2,882.56","2,805.96","2,905.98","2,720.83","10.96B","0.88%"
"2007年1月25日","2,857.36","2,946.50","2,947.15","2,853.82","11.72B","-3.96%"
"2007年1月24日","2,975.13","2,955.42","2,994.28","2,927.72","12.21B","0.88%"
"2007年1月23日","2,949.14","2,964.69","2,970.68","2,851.92","14.28B","0.54%"
"2007年1月22日","2,933.19","2,857.90","2,934.65","2,857.90","13.86B","3.57%"
"2007年1月19日","2,832.21","2,761.89","2,833.45","2,761.89","12.21B","2.73%"
"2007年1月18日","2,756.98","2,760.94","2,784.04","2,679.70","11.23B","-0.79%"
"2007年1月17日","2,778.90","2,828.40","2,870.42","2,742.59","12.74B","-1.49%"
"2007年1月16日","2,821.02","2,818.66","2,830.80","2,757.20","11.12B","0.94%"
"2007年1月15日","2,794.70","2,660.07","2,795.33","2,658.88","9.18B","4.74%"
"2007年1月12日","2,668.11","2,745.32","2,782.03","2,652.58","10.73B","-3.68%"
"2007年1月11日","2,770.11","2,819.37","2,841.18","2,763.89","12.16B","-1.96%"
"2007年1月10日","2,825.58","2,838.11","2,841.74","2,770.99","11.18B","0.63%"
"2007年1月9日","2,807.80","2,711.05","2,809.39","2,691.36","11.08B","3.72%"
"2007年1月8日","2,707.20","2,621.07","2,708.44","2,620.62","10.68B","2.49%"
"2007年1月5日","2,641.33","2,668.58","2,685.80","2,617.02","10.62B","-2.74%"
"2007年1月4日","2,715.72","2,728.19","2,847.61","2,684.82","12.02B","1.50%"
"2006年12月29日","2,675.47","2,585.42","2,698.90","2,585.42","8.68B","4.20%"
"2006年12月28日","2,567.59","2,538.95","2,611.79","2,530.33","7.87B","1.23%"
"2006年12月27日","2,536.39","2,478.06","2,538.66","2,461.07","7.21B","2.28%"
"2006年12月26日","2,479.73","2,437.85","2,505.70","2,424.94","7.23B","1.81%"
"2006年12月25日","2,435.76","2,350.13","2,452.43","2,350.13","7.39B","3.93%"
"2006年12月22日","2,343.67","2,334.27","2,366.69","2,321.92","7.05B","0.03%"
"2006年12月21日","2,342.94","2,372.46","2,386.82","2,339.91","8.32B","-1.28%"
"2006年12月20日","2,373.20","2,356.26","2,381.13","2,332.93","7.83B","0.38%"
"2006年12月19日","2,364.18","2,342.18","2,381.63","2,315.99","8.71B","1.36%"
"2006年12月18日","2,332.43","2,277.28","2,335.23","2,277.28","7.83B","2.57%"
"2006年12月15日","2,273.91","2,255.24","2,275.49","2,241.20","6.06B","1.10%"
"2006年12月14日","2,249.11","2,226.00","2,250.32","2,212.91","5.84B","1.15%"
"2006年12月13日","2,223.45","2,224.43","2,244.41","2,195.64","5.75B","0.20%"
"2006年12月12日","2,218.95","2,189.69","2,228.64","2,180.37","7.02B","1.76%"
"2006年12月11日","2,180.50","2,085.06","2,181.16","2,084.27","6.27B","4.15%"
"2006年12月8日","2,093.64","2,133.36","2,164.02","2,090.40","8.09B","-2.93%"
"2006年12月7日","2,156.75","2,152.59","2,206.51","2,145.79","9.93B","0.01%"
"2006年12月6日","2,156.60","2,175.38","2,192.90","2,097.42","10.43B","-0.77%"
"2006年12月5日","2,173.28","2,167.36","2,195.53","2,159.32","8.82B","0.54%"
"2006年12月4日","2,161.65","2,103.82","2,164.59","2,100.56","8.72B","2.84%"
"2006年12月1日","2,102.05","2,106.30","2,112.58","2,087.60","7.62B","0.13%"
"2006年11月30日","2,099.29","2,058.77","2,102.06","2,058.77","7.28B","2.20%"
"2006年11月29日","2,054.09","2,005.99","2,059.73","1,992.54","5.60B","0.75%"
"2006年11月28日","2,038.72","2,042.38","2,051.49","2,016.47","5.51B","-0.42%"
"2006年11月27日","2,047.28","2,042.19","2,049.54","2,022.38","5.78B","-0.17%"
"2006年11月24日","2,050.81","2,051.47","2,057.91","2,022.62","6.12B","-0.56%"
"2006年11月23日","2,062.36","2,045.08","2,071.24","2,042.15","6.07B","1.03%"
"2006年11月22日","2,041.36","2,031.30","2,062.80","2,010.79","6.49B","0.19%"
"2006年11月21日","2,037.55","2,013.07","2,037.74","1,988.93","5.39B","1.00%"
"2006年11月20日","2,017.28","1,977.53","2,018.00","1,977.53","5.91B","2.31%"
"2006年11月17日","1,971.79","1,934.64","1,972.61","1,925.15","4.94B","1.56%"
"2006年11月16日","1,941.55","1,930.93","1,976.05","1,926.72","6.40B","0.97%"
"2006年11月15日","1,922.93","1,888.54","1,923.14","1,878.69","4.67B","1.84%"
"2006年11月14日","1,888.24","1,868.17","1,888.43","1,841.82","4.32B","1.31%"
"2006年11月13日","1,863.77","1,878.70","1,905.90","1,852.10","5.00B","-1.04%"
"2006年11月10日","1,883.35","1,896.93","1,920.18","1,870.96","6.28B","-0.69%"
"2006年11月9日","1,896.48","1,860.95","1,899.10","1,858.60","4.41B","1.59%"
"2006年11月8日","1,866.82","1,885.86","1,886.26","1,865.22","3.78B","-1.20%"
"2006年11月7日","1,889.53","1,889.53","1,897.41","1,862.93","5.48B","0.17%"
"2006年11月6日","1,886.31","1,853.19","1,886.52","1,846.01","4.95B","1.07%"
"2006年11月3日","1,866.36","1,851.40","1,873.66","1,850.15","4.99B","0.81%"
"2006年11月2日","1,851.31","1,856.92","1,857.14","1,834.84","5.17B","-0.24%"
"2006年11月1日","1,855.71","1,838.68","1,855.89","1,833.20","4.78B","0.96%"
"2006年10月31日","1,837.99","1,811.47","1,839.32","1,811.47","4.66B","1.57%"
"2006年10月30日","1,809.66","1,804.37","1,815.61","1,788.29","4.53B","0.14%"
"2006年10月27日","1,807.17","1,836.21","1,842.73","1,803.21","7.37B","-0.19%"
"2006年10月26日","1,810.65","1,804.89","1,816.76","1,791.95","4.87B","0.22%"
"2006年10月25日","1,806.65","1,807.03","1,825.61","1,789.90","4.45B","0.08%"
"2006年10月24日","1,805.18","1,756.46","1,805.27","1,756.46","3.99B","2.60%"
"2006年10月23日","1,759.39","1,789.64","1,797.43","1,753.49","4.44B","-1.73%"
"2006年10月20日","1,790.36","1,792.60","1,801.33","1,786.34","4.15B","-0.11%"
"2006年10月19日","1,792.25","1,788.58","1,799.29","1,784.35","4.15B","0.28%"
"2006年10月18日","1,787.18","1,762.40","1,787.74","1,760.88","3.68B","1.32%"
"2006年10月17日","1,763.90","1,768.63","1,777.60","1,758.31","3.93B","-0.42%"
"2006年10月16日","1,771.30","1,787.70","1,789.17","1,766.31","4.68B","-0.75%"
"2006年10月13日","1,784.66","1,776.51","1,792.87","1,773.23","4.25B","0.36%"
"2006年10月12日","1,778.18","1,790.63","1,792.24","1,774.14","5.32B","-0.67%"
"2006年10月11日","1,790.10","1,784.52","1,792.76","1,771.02","4.93B","0.29%"
"2006年10月10日","1,784.86","1,784.22","1,793.14","1,771.86","5.51B","-0.03%"
"2006年10月9日","1,785.38","1,768.14","1,786.11","1,763.11","5.29B","1.88%"
"2006年9月29日","1,752.42","1,740.06","1,755.69","1,740.06","4.12B","0.89%"
"2006年9月28日","1,736.96","1,725.52","1,740.79","1,722.22","3.40B","0.69%"
"2006年9月27日","1,725.04","1,711.51","1,725.50","1,709.77","2.92B","0.72%"
"2006年9月26日","1,712.64","1,720.78","1,721.58","1,704.77","3.31B","-0.56%"
"2006年9月25日","1,722.37","1,722.74","1,732.28","1,709.77","4.02B","-0.17%"
"2006年9月22日","1,725.36","1,744.61","1,746.62","1,724.10","4.48B","-0.89%"
"2006年9月21日","1,740.90","1,731.59","1,743.63","1,731.22","3.95B","0.49%"
"2006年9月20日","1,732.45","1,733.64","1,737.73","1,720.84","3.88B","-0.16%"
"2006年9月19日","1,735.24","1,735.30","1,743.02","1,728.29","4.35B","0.13%"
"2006年9月18日","1,732.99","1,727.91","1,733.41","1,719.16","4.48B","0.69%"
"2006年9月15日","1,721.05","1,689.61","1,722.66","1,689.51","4.70B","1.86%"
"2006年9月14日","1,689.69","1,689.63","1,696.62","1,672.88","3.39B","0.02%"
"2006年9月13日","1,689.39","1,695.35","1,713.99","1,687.05","4.30B","-0.38%"
"2006年9月12日","1,695.86","1,675.20","1,699.59","1,673.44","3.74B","1.25%"
"2006年9月11日","1,674.97","1,668.16","1,675.09","1,653.01","3.06B","0.42%"
"2006年9月8日","1,667.98","1,659.70","1,671.31","1,658.67","2.66B","0.41%"
"2006年9月7日","1,661.19","1,683.78","1,683.89","1,655.41","3.15B","-0.65%"
"2006年9月6日","1,672.12","1,665.13","1,672.26","1,656.86","3.36B","0.48%"
"2006年9月5日","1,664.08","1,659.74","1,669.90","1,657.05","4.05B","0.40%"
"2006年9月4日","1,657.52","1,635.33","1,657.69","1,635.12","3.31B","1.27%"
"2006年9月1日","1,636.69","1,658.66","1,660.52","1,634.03","3.60B","-1.32%"
"2006年8月31日","1,658.64","1,655.90","1,661.47","1,650.00","3.51B","0.21%"
"2006年8月30日","1,655.19","1,648.35","1,656.23","1,640.28","3.14B","0.25%"
"2006年8月29日","1,651.02","1,652.67","1,667.53","1,649.59","4.81B","0.04%"
"2006年8月28日","1,650.44","1,627.12","1,651.29","1,624.28","3.93B","1.69%"
"2006年8月25日","1,623.03","1,622.48","1,630.05","1,619.73","2.78B","0.00%"
"2006年8月24日","1,623.02","1,612.70","1,623.17","1,601.89","2.51B","0.66%"
"2006年8月23日","1,612.40","1,614.39","1,621.40","1,608.74","2.72B","-0.06%"
"2006年8月22日","1,613.36","1,601.52","1,619.07","1,598.78","2.67B","0.76%"
"2006年8月21日","1,601.15","1,565.46","1,602.13","1,558.10","2.34B","0.20%"
"2006年8月18日","1,598.02","1,601.57","1,614.37","1,596.56","2.40B","-0.33%"
"2006年8月17日","1,603.33","1,612.41","1,612.41","1,592.85","2.34B","-0.81%"
"2006年8月16日","1,616.41","1,596.06","1,616.45","1,591.86","2.86B","1.30%"
"2006年8月15日","1,595.66","1,568.27","1,596.65","1,564.40","2.03B","1.59%"
"2006年8月14日","1,570.74","1,605.20","1,611.66","1,566.72","2.57B","-2.19%"
"2006年8月11日","1,605.93","1,605.60","1,610.76","1,596.22","2.35B","-0.01%"
"2006年8月10日","1,606.07","1,578.35","1,606.94","1,577.86","2.63B","1.74%"
"2006年8月9日","1,578.57","1,581.80","1,585.17","1,571.71","2.16B","-0.13%"
"2006年8月8日","1,580.58","1,547.90","1,581.75","1,547.90","2.34B","2.14%"
"2006年8月7日","1,547.44","1,561.80","1,570.05","1,541.41","2.41B","-1.45%"
"2006年8月4日","1,570.15","1,601.61","1,612.10","1,567.25","2.59B","-1.93%"
"2006年8月3日","1,601.06","1,599.75","1,609.42","1,587.12","2.08B","0.01%"
"2006年8月2日","1,600.87","1,598.76","1,608.78","1,577.90","2.79B","0.02%"
"2006年8月1日","1,600.61","1,619.63","1,625.04","1,596.66","3.23B","-0.75%"
"2006年7月31日","1,612.73","1,659.54","1,659.54","1,611.16","3.37B","-2.97%"
"2006年7月28日","1,662.03","1,674.43","1,678.53","1,646.35","3.33B","-0.78%"
"2006年7月27日","1,675.17","1,685.35","1,701.61","1,665.39","3.62B","-0.68%"
"2006年7月26日","1,686.65","1,688.54","1,691.43","1,675.66","3.12B","0.07%"
"2006年7月25日","1,685.46","1,668.14","1,690.61","1,668.14","3.42B","1.17%"
"2006年7月24日","1,665.94","1,648.75","1,667.62","1,632.69","3.12B","0.04%"
"2006年7月21日","1,665.33","1,653.81","1,669.29","1,653.51","3.00B","0.62%"
"2006年7月20日","1,655.12","1,642.62","1,658.05","1,636.26","2.87B","0.61%"
"2006年7月19日","1,645.16","1,681.77","1,681.77","1,637.49","3.51B","-2.32%"
"2006年7月18日","1,684.25","1,682.36","1,684.67","1,666.31","3.14B","0.08%"
"2006年7月17日","1,682.89","1,662.05","1,684.34","1,653.60","3.22B","1.06%"
"2006年7月14日","1,665.21","1,641.14","1,676.75","1,633.90","4.16B","0.57%"
"2006年7月13日","1,655.77","1,736.21","1,737.60","1,654.49","6.75B","-4.84%"
"2006年7月12日","1,740.00","1,745.88","1,753.28","1,738.00","4.88B","-0.33%"
"2006年7月11日","1,745.81","1,736.99","1,746.72","1,725.23","4.01B","0.66%"
"2006年7月10日","1,734.33","1,730.70","1,737.03","1,715.83","3.90B","0.24%"
"2006年7月7日","1,730.19","1,746.52","1,750.03","1,724.67","4.94B","-0.65%"
"2006年7月6日","1,741.47","1,715.28","1,742.20","1,711.65","5.01B","1.33%"
"2006年7月5日","1,718.56","1,755.22","1,757.47","1,703.59","6.07B","2.20%"
"2006年7月4日","1,681.55","1,700.32","1,702.66","1,670.13","5.43B","-0.93%"
"2006年7月3日","1,697.28","1,677.31","1,697.83","1,670.02","4.86B","1.50%"
"2006年6月30日","1,672.21","1,679.72","1,690.95","1,662.28","4.98B","0.04%"
"2006年6月29日","1,671.62","1,641.93","1,672.10","1,641.93","5.18B","1.97%"
"2006年6月28日","1,639.29","1,638.23","1,642.35","1,627.07","3.32B","-0.02%"
"2006年6月27日","1,639.55","1,636.70","1,642.57","1,627.59","3.65B","0.37%"
"2006年6月26日","1,633.45","1,607.79","1,635.80","1,607.79","3.95B","1.73%"
"2006年6月23日","1,605.71","1,594.49","1,608.11","1,582.02","3.50B","0.60%"
"2006年6月22日","1,596.07","1,593.10","1,605.25","1,587.80","3.25B","-0.13%"
"2006年6月21日","1,598.12","1,590.61","1,617.71","1,570.08","3.97B","0.36%"
"2006年6月20日","1,592.33","1,583.87","1,592.83","1,572.58","3.55B","0.38%"
"2006年6月19日","1,586.29","1,559.98","1,591.85","1,544.93","3.56B","0.75%"
"2006年6月16日","1,574.47","1,540.19","1,574.47","1,540.19","3.36B","2.64%"
"2006年6月15日","1,533.98","1,531.25","1,551.30","1,528.23","2.85B","0.17%"
"2006年6月14日","1,531.33","1,540.63","1,540.63","1,512.52","3.24B","-1.11%"
"2006年6月13日","1,548.49","1,552.10","1,570.10","1,532.06","3.25B","-0.28%"
"2006年6月12日","1,552.80","1,540.22","1,566.45","1,529.50","3.15B","0.09%"
"2006年6月9日","1,551.38","1,583.96","1,594.44","1,550.20","4.70B","-2.52%"
"2006年6月8日","1,591.49","1,576.43","1,596.12","1,540.93","5.46B","0.12%"
"2006年6月7日","1,589.55","1,678.24","1,678.24","1,588.97","6.51B","-5.33%"
"2006年6月6日","1,679.13","1,681.22","1,692.83","1,672.81","5.84B","-0.33%"
"2006年6月5日","1,684.62","1,669.24","1,685.29","1,639.68","6.73B","0.91%"
"2006年6月2日","1,669.40","1,688.78","1,695.58","1,659.14","7.81B","-0.88%"
"2006年6月1日","1,684.19","1,639.67","1,684.71","1,635.75","6.78B","2.61%"
"2006年5月31日","1,641.30","1,656.28","1,667.23","1,628.68","5.70B","-0.96%"
"2006年5月30日","1,657.29","1,654.98","1,663.93","1,634.90","5.31B","0.53%"
"2006年5月29日","1,648.54","1,622.11","1,648.84","1,609.01","5.17B","2.15%"
"2006年5月26日","1,613.89","1,596.57","1,614.55","1,593.09","4.37B","1.41%"
"2006年5月25日","1,591.42","1,585.47","1,598.56","1,563.86","4.10B","0.03%"
"2006年5月24日","1,590.92","1,609.74","1,634.59","1,562.39","5.73B","-0.85%"
"2006年5月23日","1,604.55","1,647.96","1,648.53","1,597.10","6.99B","-3.21%"
"2006年5月22日","1,657.69","1,656.75","1,674.22","1,646.68","7.73B","-0.11%"
"2006年5月19日","1,659.55","1,620.21","1,664.61","1,610.04","7.71B","2.61%"
"2006年5月18日","1,617.28","1,611.66","1,630.07","1,582.96","6.06B","-0.48%"
"2006年5月17日","1,625.15","1,613.23","1,640.69","1,592.18","7.10B","0.74%"
"2006年5月16日","1,613.25","1,658.69","1,678.60","1,604.78","8.83B","-3.06%"
"2006年5月15日","1,664.09","1,616.26","1,664.94","1,606.57","8.77B","3.82%"
"2006年5月12日","1,602.83","1,532.88","1,603.21","1,531.23","6.84B","4.26%"
"2006年5月11日","1,537.38","1,547.56","1,583.76","1,536.29","7.32B","-0.54%"
"2006年5月10日","1,545.69","1,537.56","1,554.03","1,518.34","6.27B","0.95%"
"2006年5月9日","1,531.16","1,503.24","1,532.75","1,497.99","6.47B","2.28%"
"2006年5月8日","1,497.10","1,446.99","1,497.20","1,446.99","5.16B","3.95%"
"2006年4月28日","1,440.22","1,403.52","1,444.71","1,389.35","4.46B","1.66%"
"2006年4月27日","1,416.73","1,418.90","1,424.46","1,407.14","3.76B","-0.05%"
"2006年4月26日","1,417.48","1,399.07","1,426.63","1,397.35","4.84B","1.27%"
"2006年4月25日","1,399.77","1,405.90","1,409.27","1,386.13","4.32B","-0.71%"
"2006年4月24日","1,409.79","1,423.41","1,429.06","1,402.27","5.20B","-0.49%"
"2006年4月21日","1,416.79","1,385.92","1,419.89","1,383.45","4.56B","2.23%"
"2006年4月20日","1,385.90","1,398.10","1,404.19","1,376.96","4.33B","-0.77%"
"2006年4月19日","1,396.70","1,389.13","1,399.55","1,378.80","4.06B","0.84%"
"2006年4月18日","1,385.11","1,379.81","1,391.38","1,370.15","3.68B","0.47%"
"2006年4月17日","1,378.61","1,360.64","1,383.65","1,353.40","4.22B","1.40%"
"2006年4月14日","1,359.54","1,330.10","1,360.09","1,328.43","3.79B","2.04%"
"2006年4月13日","1,332.33","1,359.28","1,364.32","1,331.68","4.13B","-2.04%"
"2006年4月12日","1,360.13","1,361.74","1,364.69","1,355.65","3.71B","-0.15%"
"2006年4月11日","1,362.23","1,360.98","1,366.52","1,350.32","4.39B","0.23%"
"2006年4月10日","1,359.08","1,344.24","1,359.41","1,339.52","4.14B","1.20%"
"2006年4月7日","1,342.96","1,340.65","1,345.29","1,330.51","4.07B","0.24%"
"2006年4月6日","1,339.74","1,341.74","1,348.52","1,336.14","4.17B","-0.03%"
"2006年4月5日","1,340.16","1,330.56","1,341.50","1,326.53","3.78B","0.78%"
"2006年4月4日","1,329.80","1,319.84","1,330.11","1,315.33","3.71B","0.78%"
"2006年4月3日","1,319.47","1,298.68","1,319.48","1,298.68","3.28B","1.63%"
"2006年3月31日","1,298.30","1,291.52","1,298.75","1,285.73","2.66B","0.28%"
"2006年3月30日","1,294.72","1,305.84","1,308.50","1,293.83","2.60B","-0.83%"
"2006年3月29日","1,305.57","1,299.38","1,313.12","1,296.59","3.42B","0.52%"
"2006年3月28日","1,298.79","1,295.76","1,302.65","1,293.00","2.50B","0.22%"
"2006年3月27日","1,295.91","1,296.07","1,296.59","1,283.68","2.06B","0.09%"
"2006年3月24日","1,294.70","1,302.14","1,308.06","1,293.30","2.44B","-0.60%"
"2006年3月23日","1,302.46","1,296.19","1,302.79","1,289.53","2.55B","0.44%"
"2006年3月22日","1,296.71","1,289.46","1,296.91","1,281.13","2.23B","0.49%"
"2006年3月21日","1,290.39","1,288.56","1,297.61","1,285.43","2.43B","0.15%"
"2006年3月20日","1,288.42","1,269.58","1,288.97","1,264.41","2.03B","1.49%"
"2006年3月17日","1,269.46","1,273.01","1,276.63","1,265.61","1.88B","-0.37%"
"2006年3月16日","1,274.19","1,274.62","1,277.19","1,270.83","1.83B","-0.05%"
"2006年3月15日","1,274.81","1,259.23","1,275.52","1,258.15","1.85B","1.25%"
"2006年3月14日","1,259.04","1,260.42","1,262.75","1,250.28","1.49B","-0.05%"
"2006年3月13日","1,259.67","1,245.30","1,260.07","1,245.30","1.38B","1.13%"
"2006年3月10日","1,245.65","1,245.19","1,253.91","1,240.75","1.41B","0.04%"
"2006年3月9日","1,245.17","1,247.46","1,253.76","1,242.68","1.54B","-0.42%"
"2006年3月8日","1,250.38","1,256.68","1,258.24","1,238.16","1.98B","-0.76%"
"2006年3月7日","1,259.92","1,288.26","1,288.26","1,257.54","2.27B","-2.25%"
"2006年3月6日","1,288.95","1,292.75","1,296.85","1,286.64","2.03B","-0.34%"
"2006年3月3日","1,293.30","1,284.61","1,295.41","1,275.62","2.49B","0.59%"
"2006年3月2日","1,285.67","1,306.59","1,307.64","1,281.57","2.84B","-1.60%"
"2006年3月1日","1,306.59","1,299.15","1,308.20","1,297.76","2.36B","0.58%"
"2006年2月28日","1,299.03","1,294.81","1,299.47","1,277.74","2.36B","0.14%"
"2006年2月27日","1,297.19","1,297.69","1,304.61","1,293.47","2.68B","0.02%"
"2006年2月24日","1,296.87","1,289.43","1,297.34","1,286.96","2.36B","0.62%"
"2006年2月23日","1,288.85","1,284.13","1,289.94","1,273.94","2.29B","0.36%"
"2006年2月22日","1,284.23","1,288.85","1,297.94","1,282.91","2.85B","-0.33%"
"2006年2月21日","1,288.42","1,266.64","1,288.55","1,256.81","2.67B","1.65%"
"2006年2月20日","1,267.54","1,268.11","1,279.42","1,265.38","2.15B","0.01%"
"2006年2月17日","1,267.41","1,269.40","1,280.04","1,265.14","2.59B","-0.25%"
"2006年2月16日","1,270.63","1,298.50","1,298.50","1,268.56","3.24B","-2.20%"
"2006年2月15日","1,299.17","1,289.14","1,300.99","1,288.64","3.01B","1.00%"
"2006年2月14日","1,286.33","1,279.63","1,286.42","1,275.85","2.25B","0.52%"
"2006年2月13日","1,279.64","1,283.78","1,284.95","1,267.56","2.61B","-0.24%"
"2006年2月10日","1,282.66","1,269.54","1,284.10","1,266.22","2.63B","1.04%"
"2006年2月9日","1,269.45","1,288.97","1,288.97","1,266.81","2.91B","-1.60%"
"2006年2月8日","1,290.06","1,282.12","1,291.74","1,276.02","3.29B","0.62%"
"2006年2月7日","1,282.10","1,289.45","1,297.40","1,270.40","3.84B","-0.43%"
"2006年2月6日","1,287.63","1,263.00","1,287.66","1,263.00","2.92B","2.35%"
"2006年2月5日","1,258.05","1,251.27","1,260.17","1,245.92","2.66B","0.00%"
"2006年1月25日","1,258.05","1,251.27","1,260.17","1,245.92","2.66B","0.48%"
"2006年1月24日","1,252.06","1,256.01","1,262.09","1,247.01","2.97B","-0.30%"
"2006年1月23日","1,255.77","1,254.78","1,257.35","1,244.27","2.90B","0.04%"
"2006年1月20日","1,255.31","1,251.41","1,258.70","1,247.20","3.32B","0.30%"
"2006年1月19日","1,251.58","1,235.08","1,251.96","1,230.85","3.36B","1.48%"
"2006年1月18日","1,233.35","1,207.53","1,234.53","1,206.36","2.67B","2.06%"
"2006年1月17日","1,208.44","1,200.26","1,209.02","1,198.84","1.97B","0.46%"
"2006年1月16日","1,202.87","1,221.11","1,221.39","1,202.59","2.53B","-1.52%"
"2006年1月13日","1,221.46","1,228.16","1,231.22","1,214.88","2.77B","-0.43%"
"2006年1月12日","1,226.70","1,208.77","1,227.30","1,205.28","2.70B","1.29%"
"2006年1月11日","1,211.05","1,219.81","1,223.56","1,204.04","3.06B","-0.78%"
"2006年1月10日","1,220.62","1,215.85","1,220.76","1,203.65","2.68B","0.41%"
"2006年1月9日","1,215.67","1,210.32","1,217.31","1,205.25","2.87B","0.52%"
"2006年1月6日","1,209.42","1,198.81","1,215.54","1,191.61","3.43B","1.01%"
"2006年1月5日","1,197.27","1,183.31","1,197.84","1,180.45","2.95B","1.38%"
"2006年1月4日","1,180.96","1,163.88","1,181.00","1,161.91","2.33B","1.71%"
"2005年12月30日","1,161.06","1,171.58","1,173.06","1,158.97","2.00B","-0.75%"
"2005年12月29日","1,169.86","1,157.51","1,169.87","1,157.51","2.18B","1.11%"
"2005年12月28日","1,157.03","1,155.12","1,157.20","1,149.27","1.47B","0.24%"
"2005年12月27日","1,154.29","1,157.49","1,158.16","1,149.85","1.57B","-0.22%"
"2005年12月26日","1,156.82","1,145.77","1,159.78","1,145.34","1.87B","1.04%"
"2005年12月23日","1,144.87","1,135.70","1,144.94","1,135.07","1.45B","0.85%"
"2005年12月22日","1,135.24","1,129.56","1,136.00","1,125.95","1.11B","0.40%"
"2005年12月21日","1,130.76","1,135.98","1,142.39","1,128.94","1.23B","-0.49%"
"2005年12月20日","1,136.34","1,131.80","1,136.39","1,126.99","1.17B","0.41%"
"2005年12月19日","1,131.75","1,127.84","1,134.50","1,123.50","1.22B","0.38%"
"2005年12月16日","1,127.51","1,122.73","1,127.94","1,118.94","1.26B","0.35%"
"2005年12月15日","1,123.56","1,125.67","1,134.85","1,121.56","1.68B","-0.16%"
"2005年12月14日","1,125.39","1,117.47","1,127.63","1,110.21","1.50B","0.67%"
"2005年12月13日","1,117.85","1,115.77","1,119.42","1,106.75","1.14B","0.13%"
"2005年12月12日","1,116.37","1,115.75","1,118.53","1,109.08","1.19B","0.26%"
"2005年12月9日","1,113.48","1,097.52","1,114.58","1,094.74","1.35B","1.38%"
"2005年12月8日","1,098.32","1,100.68","1,106.34","1,092.99","1.04B","-0.12%"
"2005年12月7日","1,099.62","1,087.74","1,100.05","1,086.73","1.04B","1.09%"
"2005年12月6日","1,087.79","1,077.58","1,089.59","1,074.01","1.11B","0.80%"
"2005年12月5日","1,079.20","1,093.10","1,093.10","1,077.40","1.12B","-1.38%"
"2005年12月2日","1,094.29","1,099.76","1,102.76","1,089.56","1.06B","-0.41%"
"2005年12月1日","1,098.75","1,098.78","1,104.56","1,094.44","893.20M","-0.05%"
"2005年11月30日","1,099.26","1,095.30","1,099.58","1,090.72","1.09B","0.21%"
"2005年11月29日","1,096.99","1,109.57","1,110.31","1,095.34","1.19B","-1.25%"
"2005年11月28日","1,110.82","1,113.83","1,119.35","1,106.94","1.29B","-0.37%"
"2005年11月25日","1,114.92","1,113.28","1,115.08","1,107.21","1.55B","0.14%"
"2005年11月24日","1,113.37","1,105.34","1,117.94","1,103.76","1.71B","0.69%"
"2005年11月23日","1,105.75","1,096.56","1,106.48","1,093.95","1.26B","0.65%"
"2005年11月22日","1,098.65","1,119.69","1,119.69","1,098.49","1.46B","-1.90%"
"2005年11月21日","1,119.94","1,117.78","1,122.88","1,114.24","1.55B","0.26%"
"2005年11月18日","1,117.00","1,095.52","1,122.61","1,093.53","2.25B","1.98%"
"2005年11月17日","1,095.31","1,094.88","1,098.67","1,090.36","1.20B","-0.05%"
"2005年11月16日","1,095.89","1,086.83","1,096.30","1,075.43","1.26B","0.77%"
"2005年11月15日","1,087.51","1,088.51","1,099.03","1,082.51","1.22B","-0.10%"
"2005年11月14日","1,088.65","1,089.56","1,089.71","1,083.02","920.30M","-0.14%"
"2005年11月11日","1,090.19","1,085.69","1,094.31","1,078.58","1.26B","0.17%"
"2005年11月10日","1,088.30","1,106.94","1,106.94","1,086.10","1.62B","-1.79%"
"2005年11月9日","1,108.15","1,110.55","1,117.06","1,107.64","1.67B","-0.18%"
"2005年11月8日","1,110.15","1,099.94","1,111.12","1,092.54","1.53B","0.86%"
"2005年11月7日","1,100.65","1,099.53","1,100.95","1,089.83","1.21B","0.05%"
"2005年11月4日","1,100.05","1,094.26","1,100.43","1,087.85","1.28B","0.44%"
"2005年11月3日","1,095.27","1,104.59","1,111.44","1,090.82","1.69B","-0.86%"
"2005年11月2日","1,104.79","1,090.00","1,108.88","1,090.00","1.88B","1.36%"
"2005年11月1日","1,089.95","1,091.68","1,094.15","1,074.30","1.40B","-0.26%"
"2005年10月31日","1,092.82","1,079.04","1,096.15","1,078.29","1.48B","1.11%"
"2005年10月28日","1,080.87","1,097.59","1,102.02","1,067.41","1.80B","-1.54%"
"2005年10月27日","1,097.78","1,093.93","1,101.27","1,087.48","1.72B","0.06%"
"2005年10月26日","1,097.16","1,119.43","1,119.43","1,094.57","1.92B","-2.21%"
"2005年10月25日","1,121.92","1,140.17","1,140.17","1,121.29","1.69B","-1.69%"
"2005年10月24日","1,141.17","1,141.33","1,143.46","1,133.92","1.73B","-0.01%"
"2005年10月21日","1,141.32","1,135.61","1,145.99","1,132.36","1.80B","0.47%"
"2005年10月20日","1,135.95","1,133.45","1,136.31","1,119.38","1.74B","0.12%"
"2005年10月19日","1,134.61","1,141.05","1,150.59","1,132.48","1.89B","-0.58%"
"2005年10月18日","1,141.20","1,131.26","1,142.04","1,129.67","1.89B","0.87%"
"2005年10月17日","1,131.38","1,138.38","1,138.38","1,121.97","1.51B","-0.72%"
"2005年10月14日","1,139.55","1,152.37","1,154.32","1,135.51","1.51B","-1.13%"
"2005年10月13日","1,152.61","1,162.02","1,165.36","1,152.09","1.69B","-0.80%"
"2005年10月12日","1,161.85","1,157.48","1,165.67","1,152.25","1.85B","0.40%"
"2005年10月11日","1,157.19","1,137.95","1,157.30","1,133.89","1.34B","1.60%"
"2005年10月10日","1,138.95","1,153.67","1,153.67","1,137.29","1.17B","-1.44%"
"2005年9月30日","1,155.61","1,156.77","1,158.70","1,150.63","1.45B","0.01%"
"2005年9月29日","1,155.48","1,134.44","1,155.78","1,134.44","1.85B","2.09%"
"2005年9月28日","1,131.77","1,131.32","1,142.49","1,129.05","1.48B","-0.13%"
"2005年9月27日","1,133.24","1,155.05","1,157.80","1,132.53","1.81B","-1.89%"
"2005年9月26日","1,155.04","1,150.93","1,155.60","1,147.27","1.45B","0.27%"
"2005年9月23日","1,151.98","1,157.30","1,164.60","1,149.74","1.88B","-0.69%"
"2005年9月22日","1,159.96","1,185.69","1,185.69","1,147.19","2.86B","-2.36%"
"2005年9月21日","1,187.99","1,210.85","1,210.85","1,186.98","3.18B","-2.03%"
"2005年9月20日","1,212.62","1,222.26","1,223.57","1,204.87","3.23B","-0.66%"
"2005年9月19日","1,220.63","1,213.49","1,220.97","1,210.19","2.47B","0.63%"
"2005年9月16日","1,212.95","1,217.42","1,217.76","1,208.56","2.24B","-0.36%"
"2005年9月15日","1,217.28","1,217.52","1,218.94","1,210.72","2.72B","0.00%"
"2005年9月14日","1,217.26","1,209.27","1,217.41","1,204.55","3.22B","0.84%"
"2005年9月13日","1,207.16","1,188.25","1,207.40","1,186.22","2.59B","1.59%"
"2005年9月12日","1,188.21","1,189.75","1,191.93","1,181.43","1.71B","-0.12%"
"2005年9月9日","1,189.62","1,194.49","1,204.46","1,184.42","2.22B","-0.40%"
"2005年9月8日","1,194.41","1,196.27","1,201.46","1,184.79","3.05B","0.01%"
"2005年9月7日","1,194.31","1,170.77","1,194.59","1,168.58","2.86B","1.79%"
"2005年9月6日","1,173.32","1,197.23","1,201.82","1,172.06","3.37B","-1.91%"
"2005年9月5日","1,196.22","1,189.07","1,196.87","1,184.01","2.67B","0.62%"
"2005年9月2日","1,188.85","1,187.06","1,188.91","1,179.11","2.89B","0.33%"
"2005年9月1日","1,184.93","1,163.70","1,185.76","1,160.05","3.38B","1.90%"
"2005年8月31日","1,162.80","1,145.81","1,163.52","1,140.10","2.17B","1.43%"
"2005年8月30日","1,146.38","1,151.62","1,153.77","1,145.27","1.86B","-0.70%"
"2005年8月29日","1,154.43","1,172.00","1,172.01","1,147.93","2.43B","-1.49%"
"2005年8月26日","1,171.86","1,173.01","1,174.54","1,163.99","2.43B","-0.05%"
"2005年8月25日","1,172.47","1,168.00","1,172.69","1,157.18","2.42B","0.46%"
"2005年8月24日","1,167.14","1,151.45","1,171.43","1,151.45","2.27B","1.49%"
"2005年8月23日","1,149.96","1,158.83","1,159.63","1,139.24","2.18B","-0.75%"
"2005年8月22日","1,158.60","1,148.97","1,162.04","1,142.68","2.40B","0.73%"
"2005年8月19日","1,150.18","1,144.46","1,157.37","1,132.87","3.15B","0.19%"
"2005年8月18日","1,148.04","1,194.44","1,201.76","1,146.56","4.92B","-3.75%"
"2005年8月17日","1,192.83","1,175.18","1,193.57","1,160.08","3.23B","1.32%"
"2005年8月16日","1,177.28","1,188.02","1,192.92","1,170.11","3.32B","-0.82%"
"2005年8月15日","1,187.01","1,167.03","1,187.80","1,163.85","3.03B","1.64%"
"2005年8月12日","1,167.91","1,185.27","1,192.05","1,161.79","4.05B","-1.32%"
"2005年8月11日","1,183.58","1,165.44","1,184.26","1,164.10","3.70B","1.59%"
"2005年8月10日","1,165.03","1,153.21","1,165.13","1,144.95","3.14B","1.08%"
"2005年8月9日","1,152.53","1,139.12","1,152.94","1,130.59","2.72B","1.20%"
"2005年8月8日","1,138.88","1,131.80","1,146.73","1,131.80","3.02B","0.90%"
"2005年8月5日","1,128.74","1,102.62","1,129.07","1,102.60","2.71B","2.37%"
"2005年8月4日","1,102.59","1,104.91","1,108.16","1,099.13","1.94B","-0.46%"
"2005年8月3日","1,107.70","1,106.32","1,120.68","1,103.90","3.14B","0.33%"
"2005年8月2日","1,104.04","1,089.53","1,104.04","1,084.80","1.90B","1.39%"
"2005年8月1日","1,088.95","1,082.80","1,094.15","1,081.12","1.47B","0.55%"
"2005年7月29日","1,083.03","1,084.97","1,088.48","1,077.12","1.77B","-0.32%"
"2005年7月28日","1,086.55","1,090.11","1,097.63","1,083.36","2.47B","-0.31%"
"2005年7月27日","1,089.91","1,072.56","1,090.18","1,068.50","2.38B","1.59%"
"2005年7月26日","1,072.81","1,046.54","1,078.06","1,046.54","2.56B","2.62%"
"2005年7月25日","1,045.40","1,045.27","1,048.97","1,040.59","1.41B","-0.09%"
"2005年7月22日","1,046.32","1,026.13","1,054.63","1,024.00","2.55B","2.52%"
"2005年7月21日","1,020.63","1,020.69","1,022.04","1,009.99","1.11B","-0.04%"
"2005年7月20日","1,021.05","1,013.98","1,025.10","1,008.68","1.06B","0.66%"
"2005年7月19日","1,014.36","1,011.00","1,020.67","1,004.66","988.20M","0.22%"
"2005年7月18日","1,012.10","1,023.38","1,023.38","1,008.52","1.10B","-1.37%"
"2005年7月15日","1,026.12","1,039.61","1,046.36","1,021.99","1.28B","-1.37%"
"2005年7月14日","1,040.42","1,035.53","1,049.88","1,033.16","1.26B","0.29%"
"2005年7月13日","1,037.39","1,044.58","1,045.94","1,033.81","1.28B","-0.84%"
"2005年7月12日","1,046.16","1,007.90","1,048.92","1,004.08","1.85B","3.43%"
"2005年7月11日","1,011.50","1,026.79","1,043.21","1,009.04","1.13B","-0.64%"
"2005年7月8日","1,017.98","1,036.41","1,036.41","1,015.40","1.03B","-1.99%"
"2005年7月7日","1,038.60","1,033.22","1,044.05","1,030.50","857.00M","0.49%"
"2005年7月6日","1,033.55","1,040.70","1,044.78","1,028.22","919.60M","-0.53%"
"2005年7月5日","1,039.04","1,043.88","1,047.82","1,032.52","1.05B","-0.79%"
"2005年7月4日","1,047.28","1,050.24","1,050.24","1,030.18","1.23B","-0.79%"
"2005年7月1日","1,055.59","1,077.31","1,077.31","1,053.63","1.36B","-2.35%"
"2005年6月30日","1,080.94","1,103.48","1,103.48","1,078.10","1.38B","-2.18%"
"2005年6月29日","1,104.99","1,111.67","1,113.52","1,103.91","1.35B","-0.32%"
"2005年6月28日","1,108.59","1,120.94","1,120.94","1,105.34","1.35B","-1.43%"
"2005年6月27日","1,124.64","1,108.46","1,129.96","1,108.46","2.18B","2.07%"
"2005年6月24日","1,101.88","1,091.99","1,102.23","1,087.69","1.11B","0.75%"
"2005年6月23日","1,093.70","1,100.56","1,106.75","1,092.48","1.15B","-0.76%"
"2005年6月22日","1,102.03","1,098.96","1,103.25","1,090.74","1.24B","0.05%"
"2005年6月21日","1,101.49","1,115.66","1,115.66","1,098.90","1.55B","-1.27%"
"2005年6月20日","1,115.62","1,087.85","1,115.86","1,073.41","2.15B","2.76%"
"2005年6月17日","1,085.61","1,090.11","1,094.67","1,079.08","1.68B","-0.04%"
"2005年6月16日","1,086.01","1,071.77","1,086.35","1,064.03","1.45B","1.23%"
"2005年6月15日","1,072.84","1,090.46","1,090.46","1,070.07","1.53B","-1.89%"
"2005年6月14日","1,093.46","1,108.34","1,119.68","1,092.40","1.84B","-1.16%"
"2005年6月13日","1,106.29","1,105.96","1,112.10","1,085.87","1.92B","-0.18%"
"2005年6月10日","1,108.29","1,130.55","1,130.55","1,101.83","2.84B","-2.01%"
"2005年6月9日","1,131.05","1,118.81","1,146.42","1,103.68","4.07B","1.39%"
"2005年6月8日","1,115.58","1,044.18","1,118.69","1,040.16","4.03B","8.21%"
"2005年6月7日","1,030.94","1,036.62","1,055.63","1,029.54","1.57B","-0.33%"
"2005年6月6日","1,034.38","1,010.38","1,034.85","998.23","1.10B","2.05%"
"2005年6月3日","1,013.64","1,013.90","1,019.92","1,000.52","1.00B","-0.24%"
"2005年6月2日","1,016.06","1,036.73","1,036.73","1,008.75","1.15B","-2.23%"
"2005年6月1日","1,039.19","1,059.61","1,063.52","1,035.71","1.01B","-2.03%"
"2005年5月31日","1,060.74","1,061.61","1,070.50","1,057.75","923.90M","0.05%"
"2005年5月30日","1,060.16","1,049.72","1,063.95","1,043.28","860.00M","0.78%"
"2005年5月27日","1,051.95","1,056.32","1,068.21","1,050.06","1.01B","-0.65%"
"2005年5月26日","1,058.87","1,071.21","1,077.44","1,055.82","949.90M","-1.24%"
"2005年5月25日","1,072.14","1,072.52","1,082.18","1,064.88","980.80M","-0.16%"
"2005年5月24日","1,073.85","1,066.00","1,078.10","1,057.54","1.10B","0.28%"
"2005年5月23日","1,070.84","1,095.31","1,095.31","1,069.43","953.40M","-2.59%"
"2005年5月20日","1,099.27","1,100.49","1,108.61","1,094.67","958.40M","-0.38%"
"2005年5月19日","1,103.47","1,101.75","1,107.23","1,083.12","1.07B","0.05%"
"2005年5月18日","1,102.96","1,099.74","1,108.84","1,090.30","1.04B","0.30%"
"2005年5月17日","1,099.64","1,091.26","1,108.18","1,083.94","1.16B","0.38%"
"2005年5月16日","1,095.47","1,105.40","1,105.40","1,082.14","1.02B","-1.10%"
"2005年5月13日","1,107.63","1,101.61","1,120.17","1,093.28","1.35B","0.33%"
"2005年5月12日","1,103.99","1,122.18","1,122.92","1,099.84","1.24B","-1.80%"
"2005年5月11日","1,124.27","1,134.60","1,140.17","1,121.87","1.10B","-0.99%"
"2005年5月10日","1,135.56","1,126.82","1,135.80","1,108.42","1.32B","0.42%"
"2005年5月9日","1,130.84","1,160.62","1,165.39","1,130.41","1.09B","-2.44%"
"2005年4月29日","1,159.15","1,168.33","1,170.20","1,155.98","1.41B","-0.85%"
"2005年4月28日","1,169.12","1,145.75","1,172.71","1,135.73","1.74B","1.77%"
"2005年4月27日","1,148.76","1,165.10","1,166.20","1,148.14","1.36B","-1.42%"
"2005年4月26日","1,165.34","1,155.64","1,169.14","1,151.64","1.40B","0.64%"
"2005年4月25日","1,157.97","1,166.34","1,166.34","1,146.41","1.35B","-0.96%"
"2005年4月22日","1,169.19","1,171.03","1,177.88","1,163.40","1.36B","-0.29%"
"2005年4月21日","1,172.56","1,182.20","1,190.54","1,167.99","1.33B","-0.98%"
"2005年4月20日","1,184.19","1,198.96","1,198.96","1,178.64","1.12B","-1.31%"
"2005年4月19日","1,199.90","1,196.28","1,202.49","1,191.23","1.10B","0.18%"
"2005年4月18日","1,197.73","1,212.39","1,212.39","1,190.98","1.17B","-1.58%"
"2005年4月15日","1,216.96","1,229.68","1,229.68","1,213.20","1.43B","-1.41%"
"2005年4月14日","1,234.33","1,252.21","1,253.60","1,233.24","1.56B","-1.11%"
"2005年4月13日","1,248.20","1,228.97","1,254.32","1,228.97","1.95B","2.35%"
"2005年4月12日","1,219.51","1,239.13","1,239.13","1,218.51","1.31B","-1.73%"
"2005年4月11日","1,240.97","1,248.15","1,252.81","1,235.36","1.93B","-0.60%"
"2005年4月8日","1,248.52","1,225.05","1,249.20","1,218.76","1.78B","1.88%"
"2005年4月7日","1,225.49","1,216.73","1,248.06","1,213.65","2.43B","0.87%"
"2005年4月6日","1,214.87","1,191.20","1,220.41","1,183.91","1.67B","1.94%"
"2005年4月5日","1,191.74","1,200.69","1,209.34","1,189.26","1.16B","-0.93%"
"2005年4月4日","1,202.97","1,212.12","1,218.28","1,196.94","1.38B","-1.68%"
"2005年4月1日","1,223.57","1,180.37","1,237.80","1,173.54","1.97B","3.58%"
"2005年3月31日","1,181.24","1,168.83","1,181.53","1,162.03","1.04B","0.74%"
"2005年3月30日","1,172.57","1,192.45","1,192.45","1,171.81","1.14B","-1.88%"
"2005年3月29日","1,195.02","1,199.69","1,209.23","1,194.59","923.30M","-0.42%"
"2005年3月28日","1,200.11","1,204.85","1,204.85","1,185.46","902.30M","-0.46%"
"2005年3月25日","1,205.63","1,207.20","1,211.16","1,199.87","952.80M","-0.21%"
"2005年3月24日","1,208.19","1,200.26","1,208.61","1,187.58","1.15B","0.54%"
"2005年3月23日","1,201.65","1,205.76","1,218.01","1,194.32","1.34B","-0.44%"
"2005年3月22日","1,206.92","1,230.68","1,231.68","1,202.43","1.47B","-1.96%"
"2005年3月21日","1,231.05","1,226.14","1,232.82","1,220.82","996.40M","0.30%"
"2005年3月18日","1,227.40","1,242.45","1,248.03","1,223.62","1.25B","-1.29%"
"2005年3月17日","1,243.47","1,255.98","1,257.79","1,242.51","1.29B","-0.97%"
"2005年3月16日","1,255.59","1,267.05","1,268.19","1,247.89","1.37B","-1.07%"
"2005年3月15日","1,269.14","1,293.13","1,293.26","1,266.64","1.56B","-1.88%"
"2005年3月14日","1,293.50","1,288.98","1,304.11","1,271.51","1.87B","0.28%"
"2005年3月11日","1,289.94","1,284.51","1,292.53","1,278.15","1.50B","0.29%"
"2005年3月10日","1,286.23","1,316.90","1,316.90","1,282.53","1.79B","-2.32%"
"2005年3月9日","1,316.79","1,321.21","1,326.08","1,310.23","2.06B","-0.11%"
"2005年3月8日","1,318.27","1,298.25","1,318.89","1,296.91","1.80B","1.90%"
"2005年3月7日","1,293.74","1,288.41","1,296.88","1,287.74","1.08B","0.47%"
"2005年3月4日","1,287.71","1,294.16","1,299.60","1,286.48","1.10B","-0.51%"
"2005年3月3日","1,294.34","1,285.20","1,295.25","1,276.88","1.28B","0.54%"
"2005年3月2日","1,287.45","1,303.31","1,316.72","1,285.92","1.86B","-1.22%"
"2005年3月1日","1,303.41","1,305.25","1,308.76","1,295.64","1.40B","-0.20%"
"2005年2月28日","1,306.00","1,311.44","1,315.14","1,298.93","1.77B","-0.49%"
"2005年2月25日","1,312.44","1,311.37","1,328.53","1,311.20","2.41B","0.19%"
"2005年2月24日","1,309.95","1,307.04","1,310.97","1,296.98","2.01B","0.04%"
"2005年2月23日","1,309.47","1,309.62","1,316.59","1,299.15","2.42B","0.01%"
"2005年2月22日","1,309.28","1,285.63","1,312.53","1,282.78","2.26B","1.93%"
"2005年2月21日","1,284.48","1,259.53","1,284.94","1,259.51","1.25B","2.03%"
"2005年2月18日","1,258.97","1,275.66","1,278.62","1,258.56","1.07B","-1.34%"
"2005年2月17日","1,276.13","1,280.03","1,280.03","1,263.71","1.12B","-0.22%"
"2005年2月16日","1,278.88","1,276.02","1,291.46","1,270.32","1.44B","0.78%"
"2005年2月4日","1,269.00","1,238.61","1,274.12","1,235.64","1.70B","2.15%"
"2005年2月3日","1,242.31","1,253.81","1,269.15","1,236.18","2.04B","-0.81%"
"2005年2月2日","1,252.50","1,189.50","1,253.16","1,189.50","1.91B","5.35%"
"2005年2月1日","1,188.93","1,189.50","1,203.07","1,187.26","934.00M","-0.24%"
"2005年1月31日","1,191.82","1,210.76","1,210.76","1,190.17","907.80M","-1.80%"
"2005年1月28日","1,213.67","1,223.73","1,226.30","1,208.86","817.10M","-1.00%"
"2005年1月27日","1,225.89","1,239.58","1,241.14","1,223.88","941.30M","-1.29%"
"2005年1月26日","1,241.96","1,252.37","1,254.23","1,240.13","964.10M","-0.98%"
"2005年1月25日","1,254.23","1,252.35","1,254.87","1,239.16","1.18B","-0.12%"
"2005年1月24日","1,255.78","1,258.02","1,265.95","1,239.80","1.80B","1.73%"
"2005年1月21日","1,234.48","1,201.93","1,237.91","1,189.21","1.70B","2.50%"
"2005年1月20日","1,204.39","1,213.37","1,213.96","1,199.17","1.03B","-1.13%"
"2005年1月19日","1,218.11","1,225.08","1,225.08","1,214.63","937.70M","-0.60%"
"2005年1月18日","1,225.45","1,215.78","1,226.04","1,207.05","1.02B","0.72%"
"2005年1月17日","1,216.65","1,235.57","1,236.40","1,214.07","1.00B","-2.33%"
"2005年1月14日","1,245.62","1,255.87","1,268.86","1,243.87","989.80M","-0.85%"
"2005年1月13日","1,256.31","1,255.72","1,259.50","1,251.02","874.70M","-0.05%"
"2005年1月12日","1,256.92","1,257.17","1,257.19","1,246.42","677.00M","-0.04%"
"2005年1月11日","1,257.46","1,252.71","1,260.87","1,247.84","772.60M","0.40%"
"2005年1月10日","1,252.40","1,243.58","1,252.72","1,236.09","723.50M","0.61%"
"2005年1月7日","1,244.75","1,239.32","1,256.31","1,235.51","894.10M","0.43%"
"2005年1月6日","1,239.43","1,252.49","1,252.73","1,234.24","792.20M","-1.00%"
"2005年1月5日","1,251.94","1,241.68","1,258.58","1,235.75","867.90M","0.74%"
"2005年1月4日","1,242.77","1,260.78","1,260.78","1,238.18","816.20M","-1.87%"